[0.062s] DEBUG:colcon:Command line arguments: ['/usr/bin/colcon', 'build', '--packages-select', 'pyrosens_gui']
[0.062s] DEBUG:colcon:Parsed command line arguments: Namespace(log_base=None, log_level=None, verb_name='build', build_base='build', install_base='install', merge_install=False, symlink_install=False, test_result_base=None, continue_on_error=False, executor='parallel', parallel_workers=16, event_handlers=None, ignore_user_meta=False, metas=['./colcon.meta'], base_paths=['.'], packages_ignore=None, packages_ignore_regex=None, paths=None, packages_up_to=None, packages_up_to_regex=None, packages_above=None, packages_above_and_dependencies=None, packages_above_depth=None, packages_select_by_dep=None, packages_skip_by_dep=None, packages_skip_up_to=None, packages_select_build_failed=False, packages_skip_build_finished=False, packages_select_test_failures=False, packages_skip_test_passed=False, packages_select=['pyrosens_gui'], packages_skip=None, packages_select_regex=None, packages_skip_regex=None, packages_start=None, packages_end=None, allow_overriding=[], cmake_args=None, cmake_target=None, cmake_target_skip_unavailable=False, cmake_clean_cache=False, cmake_clean_first=False, cmake_force_configure=False, ament_cmake_args=None, catkin_cmake_args=None, catkin_skip_building_tests=False, mixin_files=None, mixin=None, verb_parser=<colcon_mixin.mixin.mixin_argument.MixinArgumentDecorator object at 0x7f333aea25c0>, verb_extension=<colcon_core.verb.build.BuildVerb object at 0x7f333aea21a0>, main=<bound method BuildVerb.main of <colcon_core.verb.build.BuildVerb object at 0x7f333aea21a0>>, mixin_verb=('build',))
[0.175s] Level 1:colcon.colcon_core.package_discovery:discover_packages(colcon_meta) check parameters
[0.175s] Level 1:colcon.colcon_core.package_discovery:discover_packages(recursive) check parameters
[0.175s] Level 1:colcon.colcon_core.package_discovery:discover_packages(ignore) check parameters
[0.175s] Level 1:colcon.colcon_core.package_discovery:discover_packages(path) check parameters
[0.175s] Level 1:colcon.colcon_core.package_discovery:discover_packages(colcon_meta) discover
[0.175s] Level 1:colcon.colcon_core.package_discovery:discover_packages(recursive) discover
[0.175s] INFO:colcon.colcon_core.package_discovery:Crawling recursively for packages in '/home/elijahs04/ros2_ws'
[0.175s] Level 1:colcon.colcon_core.package_identification:_identify(.) by extensions ['ignore', 'ignore_ament_install']
[0.175s] Level 1:colcon.colcon_core.package_identification:_identify(.) by extension 'ignore'
[0.175s] Level 1:colcon.colcon_core.package_identification:_identify(.) by extension 'ignore_ament_install'
[0.175s] Level 1:colcon.colcon_core.package_identification:_identify(.) by extensions ['colcon_pkg']
[0.175s] Level 1:colcon.colcon_core.package_identification:_identify(.) by extension 'colcon_pkg'
[0.175s] Level 1:colcon.colcon_core.package_identification:_identify(.) by extensions ['colcon_meta']
[0.175s] Level 1:colcon.colcon_core.package_identification:_identify(.) by extension 'colcon_meta'
[0.175s] Level 1:colcon.colcon_core.package_identification:_identify(.) by extensions ['ros']
[0.175s] Level 1:colcon.colcon_core.package_identification:_identify(.) by extension 'ros'
[0.187s] Level 1:colcon.colcon_core.package_identification:_identify(.) by extensions ['cmake', 'python']
[0.187s] Level 1:colcon.colcon_core.package_identification:_identify(.) by extension 'cmake'
[0.187s] Level 1:colcon.colcon_core.package_identification:_identify(.) by extension 'python'
[0.187s] Level 1:colcon.colcon_core.package_identification:_identify(.) by extensions ['python_setup_py']
[0.187s] Level 1:colcon.colcon_core.package_identification:_identify(.) by extension 'python_setup_py'
[0.187s] Level 1:colcon.colcon_core.package_identification:_identify(build) by extensions ['ignore', 'ignore_ament_install']
[0.187s] Level 1:colcon.colcon_core.package_identification:_identify(build) by extension 'ignore'
[0.187s] Level 1:colcon.colcon_core.package_identification:_identify(build) ignored
[0.187s] Level 1:colcon.colcon_core.package_identification:_identify(install) by extensions ['ignore', 'ignore_ament_install']
[0.187s] Level 1:colcon.colcon_core.package_identification:_identify(install) by extension 'ignore'
[0.187s] Level 1:colcon.colcon_core.package_identification:_identify(install) ignored
[0.187s] Level 1:colcon.colcon_core.package_identification:_identify(log) by extensions ['ignore', 'ignore_ament_install']
[0.187s] Level 1:colcon.colcon_core.package_identification:_identify(log) by extension 'ignore'
[0.187s] Level 1:colcon.colcon_core.package_identification:_identify(log) ignored
[0.187s] Level 1:colcon.colcon_core.package_identification:_identify(src) by extensions ['ignore', 'ignore_ament_install']
[0.188s] Level 1:colcon.colcon_core.package_identification:_identify(src) by extension 'ignore'
[0.188s] Level 1:colcon.colcon_core.package_identification:_identify(src) by extension 'ignore_ament_install'
[0.188s] Level 1:colcon.colcon_core.package_identification:_identify(src) by extensions ['colcon_pkg']
[0.188s] Level 1:colcon.colcon_core.package_identification:_identify(src) by extension 'colcon_pkg'
[0.188s] Level 1:colcon.colcon_core.package_identification:_identify(src) by extensions ['colcon_meta']
[0.188s] Level 1:colcon.colcon_core.package_identification:_identify(src) by extension 'colcon_meta'
[0.188s] Level 1:colcon.colcon_core.package_identification:_identify(src) by extensions ['ros']
[0.188s] Level 1:colcon.colcon_core.package_identification:_identify(src) by extension 'ros'
[0.188s] Level 1:colcon.colcon_core.package_identification:_identify(src) by extensions ['cmake', 'python']
[0.188s] Level 1:colcon.colcon_core.package_identification:_identify(src) by extension 'cmake'
[0.188s] Level 1:colcon.colcon_core.package_identification:_identify(src) by extension 'python'
[0.188s] Level 1:colcon.colcon_core.package_identification:_identify(src) by extensions ['python_setup_py']
[0.188s] Level 1:colcon.colcon_core.package_identification:_identify(src) by extension 'python_setup_py'
[0.188s] Level 1:colcon.colcon_core.package_identification:_identify(src/41068_RS1) by extensions ['ignore', 'ignore_ament_install']
[0.188s] Level 1:colcon.colcon_core.package_identification:_identify(src/41068_RS1) by extension 'ignore'
[0.188s] Level 1:colcon.colcon_core.package_identification:_identify(src/41068_RS1) by extension 'ignore_ament_install'
[0.188s] Level 1:colcon.colcon_core.package_identification:_identify(src/41068_RS1) by extensions ['colcon_pkg']
[0.188s] Level 1:colcon.colcon_core.package_identification:_identify(src/41068_RS1) by extension 'colcon_pkg'
[0.188s] Level 1:colcon.colcon_core.package_identification:_identify(src/41068_RS1) by extensions ['colcon_meta']
[0.188s] Level 1:colcon.colcon_core.package_identification:_identify(src/41068_RS1) by extension 'colcon_meta'
[0.188s] Level 1:colcon.colcon_core.package_identification:_identify(src/41068_RS1) by extensions ['ros']
[0.188s] Level 1:colcon.colcon_core.package_identification:_identify(src/41068_RS1) by extension 'ros'
[0.188s] Level 1:colcon.colcon_core.package_identification:_identify(src/41068_RS1) by extensions ['cmake', 'python']
[0.188s] Level 1:colcon.colcon_core.package_identification:_identify(src/41068_RS1) by extension 'cmake'
[0.188s] Level 1:colcon.colcon_core.package_identification:_identify(src/41068_RS1) by extension 'python'
[0.188s] Level 1:colcon.colcon_core.package_identification:_identify(src/41068_RS1) by extensions ['python_setup_py']
[0.188s] Level 1:colcon.colcon_core.package_identification:_identify(src/41068_RS1) by extension 'python_setup_py'
[0.188s] Level 1:colcon.colcon_core.package_identification:_identify(src/41068_RS1/41068_ignition_bringup) by extensions ['ignore', 'ignore_ament_install']
[0.188s] Level 1:colcon.colcon_core.package_identification:_identify(src/41068_RS1/41068_ignition_bringup) by extension 'ignore'
[0.188s] Level 1:colcon.colcon_core.package_identification:_identify(src/41068_RS1/41068_ignition_bringup) by extension 'ignore_ament_install'
[0.188s] Level 1:colcon.colcon_core.package_identification:_identify(src/41068_RS1/41068_ignition_bringup) by extensions ['colcon_pkg']
[0.188s] Level 1:colcon.colcon_core.package_identification:_identify(src/41068_RS1/41068_ignition_bringup) by extension 'colcon_pkg'
[0.188s] Level 1:colcon.colcon_core.package_identification:_identify(src/41068_RS1/41068_ignition_bringup) by extensions ['colcon_meta']
[0.188s] Level 1:colcon.colcon_core.package_identification:_identify(src/41068_RS1/41068_ignition_bringup) by extension 'colcon_meta'
[0.188s] Level 1:colcon.colcon_core.package_identification:_identify(src/41068_RS1/41068_ignition_bringup) by extensions ['ros']
[0.188s] Level 1:colcon.colcon_core.package_identification:_identify(src/41068_RS1/41068_ignition_bringup) by extension 'ros'
[0.190s] DEBUG:colcon.colcon_core.package_identification:Package 'src/41068_RS1/41068_ignition_bringup' with type 'ros.ament_cmake' and name '41068_ignition_bringup'
[0.190s] Level 1:colcon.colcon_core.package_identification:_identify(src/41068_RS1/build) by extensions ['ignore', 'ignore_ament_install']
[0.190s] Level 1:colcon.colcon_core.package_identification:_identify(src/41068_RS1/build) by extension 'ignore'
[0.190s] Level 1:colcon.colcon_core.package_identification:_identify(src/41068_RS1/build) by extension 'ignore_ament_install'
[0.190s] Level 1:colcon.colcon_core.package_identification:_identify(src/41068_RS1/build) by extensions ['colcon_pkg']
[0.190s] Level 1:colcon.colcon_core.package_identification:_identify(src/41068_RS1/build) by extension 'colcon_pkg'
[0.190s] Level 1:colcon.colcon_core.package_identification:_identify(src/41068_RS1/build) by extensions ['colcon_meta']
[0.190s] Level 1:colcon.colcon_core.package_identification:_identify(src/41068_RS1/build) by extension 'colcon_meta'
[0.190s] Level 1:colcon.colcon_core.package_identification:_identify(src/41068_RS1/build) by extensions ['ros']
[0.190s] Level 1:colcon.colcon_core.package_identification:_identify(src/41068_RS1/build) by extension 'ros'
[0.191s] Level 1:colcon.colcon_core.package_identification:_identify(src/41068_RS1/build) by extensions ['cmake', 'python']
[0.191s] Level 1:colcon.colcon_core.package_identification:_identify(src/41068_RS1/build) by extension 'cmake'
[0.191s] Level 1:colcon.colcon_core.package_identification:_identify(src/41068_RS1/build) by extension 'python'
[0.191s] Level 1:colcon.colcon_core.package_identification:_identify(src/41068_RS1/build) by extensions ['python_setup_py']
[0.191s] Level 1:colcon.colcon_core.package_identification:_identify(src/41068_RS1/build) by extension 'python_setup_py'
[0.191s] Level 1:colcon.colcon_core.package_identification:_identify(src/41068_RS1/build/slam_toolbox) by extensions ['ignore', 'ignore_ament_install']
[0.191s] Level 1:colcon.colcon_core.package_identification:_identify(src/41068_RS1/build/slam_toolbox) by extension 'ignore'
[0.191s] Level 1:colcon.colcon_core.package_identification:_identify(src/41068_RS1/build/slam_toolbox) by extension 'ignore_ament_install'
[0.191s] Level 1:colcon.colcon_core.package_identification:_identify(src/41068_RS1/build/slam_toolbox) by extensions ['colcon_pkg']
[0.191s] Level 1:colcon.colcon_core.package_identification:_identify(src/41068_RS1/build/slam_toolbox) by extension 'colcon_pkg'
[0.191s] Level 1:colcon.colcon_core.package_identification:_identify(src/41068_RS1/build/slam_toolbox) by extensions ['colcon_meta']
[0.191s] Level 1:colcon.colcon_core.package_identification:_identify(src/41068_RS1/build/slam_toolbox) by extension 'colcon_meta'
[0.191s] Level 1:colcon.colcon_core.package_identification:_identify(src/41068_RS1/build/slam_toolbox) by extensions ['ros']
[0.191s] Level 1:colcon.colcon_core.package_identification:_identify(src/41068_RS1/build/slam_toolbox) by extension 'ros'
[0.191s] Level 1:colcon.colcon_core.package_identification:_identify(src/41068_RS1/build/slam_toolbox) by extensions ['cmake', 'python']
[0.191s] Level 1:colcon.colcon_core.package_identification:_identify(src/41068_RS1/build/slam_toolbox) by extension 'cmake'
[0.191s] Level 1:colcon.colcon_core.package_identification:_identify(src/41068_RS1/build/slam_toolbox) by extension 'python'
[0.191s] Level 1:colcon.colcon_core.package_identification:_identify(src/41068_RS1/build/slam_toolbox) by extensions ['python_setup_py']
[0.191s] Level 1:colcon.colcon_core.package_identification:_identify(src/41068_RS1/build/slam_toolbox) by extension 'python_setup_py'
[0.191s] Level 1:colcon.colcon_core.package_identification:_identify(src/41068_RS1/build/slam_toolbox/CMakeFiles) by extensions ['ignore', 'ignore_ament_install']
[0.191s] Level 1:colcon.colcon_core.package_identification:_identify(src/41068_RS1/build/slam_toolbox/CMakeFiles) by extension 'ignore'
[0.191s] Level 1:colcon.colcon_core.package_identification:_identify(src/41068_RS1/build/slam_toolbox/CMakeFiles) by extension 'ignore_ament_install'
[0.191s] Level 1:colcon.colcon_core.package_identification:_identify(src/41068_RS1/build/slam_toolbox/CMakeFiles) by extensions ['colcon_pkg']
[0.191s] Level 1:colcon.colcon_core.package_identification:_identify(src/41068_RS1/build/slam_toolbox/CMakeFiles) by extension 'colcon_pkg'
[0.191s] Level 1:colcon.colcon_core.package_identification:_identify(src/41068_RS1/build/slam_toolbox/CMakeFiles) by extensions ['colcon_meta']
[0.191s] Level 1:colcon.colcon_core.package_identification:_identify(src/41068_RS1/build/slam_toolbox/CMakeFiles) by extension 'colcon_meta'
[0.191s] Level 1:colcon.colcon_core.package_identification:_identify(src/41068_RS1/build/slam_toolbox/CMakeFiles) by extensions ['ros']
[0.191s] Level 1:colcon.colcon_core.package_identification:_identify(src/41068_RS1/build/slam_toolbox/CMakeFiles) by extension 'ros'
[0.191s] Level 1:colcon.colcon_core.package_identification:_identify(src/41068_RS1/build/slam_toolbox/CMakeFiles) by extensions ['cmake', 'python']
[0.191s] Level 1:colcon.colcon_core.package_identification:_identify(src/41068_RS1/build/slam_toolbox/CMakeFiles) by extension 'cmake'
[0.191s] Level 1:colcon.colcon_core.package_identification:_identify(src/41068_RS1/build/slam_toolbox/CMakeFiles) by extension 'python'
[0.191s] Level 1:colcon.colcon_core.package_identification:_identify(src/41068_RS1/build/slam_toolbox/CMakeFiles) by extensions ['python_setup_py']
[0.191s] Level 1:colcon.colcon_core.package_identification:_identify(src/41068_RS1/build/slam_toolbox/CMakeFiles) by extension 'python_setup_py'
[0.191s] Level 1:colcon.colcon_core.package_identification:_identify(src/41068_RS1/build/slam_toolbox/CMakeFiles/3.22.1) by extensions ['ignore', 'ignore_ament_install']
[0.191s] Level 1:colcon.colcon_core.package_identification:_identify(src/41068_RS1/build/slam_toolbox/CMakeFiles/3.22.1) by extension 'ignore'
[0.191s] Level 1:colcon.colcon_core.package_identification:_identify(src/41068_RS1/build/slam_toolbox/CMakeFiles/3.22.1) by extension 'ignore_ament_install'
[0.191s] Level 1:colcon.colcon_core.package_identification:_identify(src/41068_RS1/build/slam_toolbox/CMakeFiles/3.22.1) by extensions ['colcon_pkg']
[0.191s] Level 1:colcon.colcon_core.package_identification:_identify(src/41068_RS1/build/slam_toolbox/CMakeFiles/3.22.1) by extension 'colcon_pkg'
[0.191s] Level 1:colcon.colcon_core.package_identification:_identify(src/41068_RS1/build/slam_toolbox/CMakeFiles/3.22.1) by extensions ['colcon_meta']
[0.191s] Level 1:colcon.colcon_core.package_identification:_identify(src/41068_RS1/build/slam_toolbox/CMakeFiles/3.22.1) by extension 'colcon_meta'
[0.192s] Level 1:colcon.colcon_core.package_identification:_identify(src/41068_RS1/build/slam_toolbox/CMakeFiles/3.22.1) by extensions ['ros']
[0.192s] Level 1:colcon.colcon_core.package_identification:_identify(src/41068_RS1/build/slam_toolbox/CMakeFiles/3.22.1) by extension 'ros'
[0.192s] Level 1:colcon.colcon_core.package_identification:_identify(src/41068_RS1/build/slam_toolbox/CMakeFiles/3.22.1) by extensions ['cmake', 'python']
[0.192s] Level 1:colcon.colcon_core.package_identification:_identify(src/41068_RS1/build/slam_toolbox/CMakeFiles/3.22.1) by extension 'cmake'
[0.192s] Level 1:colcon.colcon_core.package_identification:_identify(src/41068_RS1/build/slam_toolbox/CMakeFiles/3.22.1) by extension 'python'
[0.192s] Level 1:colcon.colcon_core.package_identification:_identify(src/41068_RS1/build/slam_toolbox/CMakeFiles/3.22.1) by extensions ['python_setup_py']
[0.192s] Level 1:colcon.colcon_core.package_identification:_identify(src/41068_RS1/build/slam_toolbox/CMakeFiles/3.22.1) by extension 'python_setup_py'
[0.192s] Level 1:colcon.colcon_core.package_identification:_identify(src/41068_RS1/build/slam_toolbox/CMakeFiles/3.22.1/CompilerIdC) by extensions ['ignore', 'ignore_ament_install']
[0.192s] Level 1:colcon.colcon_core.package_identification:_identify(src/41068_RS1/build/slam_toolbox/CMakeFiles/3.22.1/CompilerIdC) by extension 'ignore'
[0.192s] Level 1:colcon.colcon_core.package_identification:_identify(src/41068_RS1/build/slam_toolbox/CMakeFiles/3.22.1/CompilerIdC) by extension 'ignore_ament_install'
[0.192s] Level 1:colcon.colcon_core.package_identification:_identify(src/41068_RS1/build/slam_toolbox/CMakeFiles/3.22.1/CompilerIdC) by extensions ['colcon_pkg']
[0.192s] Level 1:colcon.colcon_core.package_identification:_identify(src/41068_RS1/build/slam_toolbox/CMakeFiles/3.22.1/CompilerIdC) by extension 'colcon_pkg'
[0.192s] Level 1:colcon.colcon_core.package_identification:_identify(src/41068_RS1/build/slam_toolbox/CMakeFiles/3.22.1/CompilerIdC) by extensions ['colcon_meta']
[0.192s] Level 1:colcon.colcon_core.package_identification:_identify(src/41068_RS1/build/slam_toolbox/CMakeFiles/3.22.1/CompilerIdC) by extension 'colcon_meta'
[0.192s] Level 1:colcon.colcon_core.package_identification:_identify(src/41068_RS1/build/slam_toolbox/CMakeFiles/3.22.1/CompilerIdC) by extensions ['ros']
[0.192s] Level 1:colcon.colcon_core.package_identification:_identify(src/41068_RS1/build/slam_toolbox/CMakeFiles/3.22.1/CompilerIdC) by extension 'ros'
[0.192s] Level 1:colcon.colcon_core.package_identification:_identify(src/41068_RS1/build/slam_toolbox/CMakeFiles/3.22.1/CompilerIdC) by extensions ['cmake', 'python']
[0.192s] Level 1:colcon.colcon_core.package_identification:_identify(src/41068_RS1/build/slam_toolbox/CMakeFiles/3.22.1/CompilerIdC) by extension 'cmake'
[0.192s] Level 1:colcon.colcon_core.package_identification:_identify(src/41068_RS1/build/slam_toolbox/CMakeFiles/3.22.1/CompilerIdC) by extension 'python'
[0.192s] Level 1:colcon.colcon_core.package_identification:_identify(src/41068_RS1/build/slam_toolbox/CMakeFiles/3.22.1/CompilerIdC) by extensions ['python_setup_py']
[0.192s] Level 1:colcon.colcon_core.package_identification:_identify(src/41068_RS1/build/slam_toolbox/CMakeFiles/3.22.1/CompilerIdC) by extension 'python_setup_py'
[0.192s] Level 1:colcon.colcon_core.package_identification:_identify(src/41068_RS1/build/slam_toolbox/CMakeFiles/3.22.1/CompilerIdC/tmp) by extensions ['ignore', 'ignore_ament_install']
[0.192s] Level 1:colcon.colcon_core.package_identification:_identify(src/41068_RS1/build/slam_toolbox/CMakeFiles/3.22.1/CompilerIdC/tmp) by extension 'ignore'
[0.192s] Level 1:colcon.colcon_core.package_identification:_identify(src/41068_RS1/build/slam_toolbox/CMakeFiles/3.22.1/CompilerIdC/tmp) by extension 'ignore_ament_install'
[0.192s] Level 1:colcon.colcon_core.package_identification:_identify(src/41068_RS1/build/slam_toolbox/CMakeFiles/3.22.1/CompilerIdC/tmp) by extensions ['colcon_pkg']
[0.192s] Level 1:colcon.colcon_core.package_identification:_identify(src/41068_RS1/build/slam_toolbox/CMakeFiles/3.22.1/CompilerIdC/tmp) by extension 'colcon_pkg'
[0.192s] Level 1:colcon.colcon_core.package_identification:_identify(src/41068_RS1/build/slam_toolbox/CMakeFiles/3.22.1/CompilerIdC/tmp) by extensions ['colcon_meta']
[0.192s] Level 1:colcon.colcon_core.package_identification:_identify(src/41068_RS1/build/slam_toolbox/CMakeFiles/3.22.1/CompilerIdC/tmp) by extension 'colcon_meta'
[0.192s] Level 1:colcon.colcon_core.package_identification:_identify(src/41068_RS1/build/slam_toolbox/CMakeFiles/3.22.1/CompilerIdC/tmp) by extensions ['ros']
[0.192s] Level 1:colcon.colcon_core.package_identification:_identify(src/41068_RS1/build/slam_toolbox/CMakeFiles/3.22.1/CompilerIdC/tmp) by extension 'ros'
[0.192s] Level 1:colcon.colcon_core.package_identification:_identify(src/41068_RS1/build/slam_toolbox/CMakeFiles/3.22.1/CompilerIdC/tmp) by extensions ['cmake', 'python']
[0.192s] Level 1:colcon.colcon_core.package_identification:_identify(src/41068_RS1/build/slam_toolbox/CMakeFiles/3.22.1/CompilerIdC/tmp) by extension 'cmake'
[0.192s] Level 1:colcon.colcon_core.package_identification:_identify(src/41068_RS1/build/slam_toolbox/CMakeFiles/3.22.1/CompilerIdC/tmp) by extension 'python'
[0.192s] Level 1:colcon.colcon_core.package_identification:_identify(src/41068_RS1/build/slam_toolbox/CMakeFiles/3.22.1/CompilerIdC/tmp) by extensions ['python_setup_py']
[0.192s] Level 1:colcon.colcon_core.package_identification:_identify(src/41068_RS1/build/slam_toolbox/CMakeFiles/3.22.1/CompilerIdC/tmp) by extension 'python_setup_py'
[0.192s] Level 1:colcon.colcon_core.package_identification:_identify(src/41068_RS1/build/slam_toolbox/CMakeFiles/3.22.1/CompilerIdCXX) by extensions ['ignore', 'ignore_ament_install']
[0.192s] Level 1:colcon.colcon_core.package_identification:_identify(src/41068_RS1/build/slam_toolbox/CMakeFiles/3.22.1/CompilerIdCXX) by extension 'ignore'
[0.192s] Level 1:colcon.colcon_core.package_identification:_identify(src/41068_RS1/build/slam_toolbox/CMakeFiles/3.22.1/CompilerIdCXX) by extension 'ignore_ament_install'
[0.192s] Level 1:colcon.colcon_core.package_identification:_identify(src/41068_RS1/build/slam_toolbox/CMakeFiles/3.22.1/CompilerIdCXX) by extensions ['colcon_pkg']
[0.192s] Level 1:colcon.colcon_core.package_identification:_identify(src/41068_RS1/build/slam_toolbox/CMakeFiles/3.22.1/CompilerIdCXX) by extension 'colcon_pkg'
[0.193s] Level 1:colcon.colcon_core.package_identification:_identify(src/41068_RS1/build/slam_toolbox/CMakeFiles/3.22.1/CompilerIdCXX) by extensions ['colcon_meta']
[0.193s] Level 1:colcon.colcon_core.package_identification:_identify(src/41068_RS1/build/slam_toolbox/CMakeFiles/3.22.1/CompilerIdCXX) by extension 'colcon_meta'
[0.193s] Level 1:colcon.colcon_core.package_identification:_identify(src/41068_RS1/build/slam_toolbox/CMakeFiles/3.22.1/CompilerIdCXX) by extensions ['ros']
[0.193s] Level 1:colcon.colcon_core.package_identification:_identify(src/41068_RS1/build/slam_toolbox/CMakeFiles/3.22.1/CompilerIdCXX) by extension 'ros'
[0.193s] Level 1:colcon.colcon_core.package_identification:_identify(src/41068_RS1/build/slam_toolbox/CMakeFiles/3.22.1/CompilerIdCXX) by extensions ['cmake', 'python']
[0.193s] Level 1:colcon.colcon_core.package_identification:_identify(src/41068_RS1/build/slam_toolbox/CMakeFiles/3.22.1/CompilerIdCXX) by extension 'cmake'
[0.193s] Level 1:colcon.colcon_core.package_identification:_identify(src/41068_RS1/build/slam_toolbox/CMakeFiles/3.22.1/CompilerIdCXX) by extension 'python'
[0.193s] Level 1:colcon.colcon_core.package_identification:_identify(src/41068_RS1/build/slam_toolbox/CMakeFiles/3.22.1/CompilerIdCXX) by extensions ['python_setup_py']
[0.193s] Level 1:colcon.colcon_core.package_identification:_identify(src/41068_RS1/build/slam_toolbox/CMakeFiles/3.22.1/CompilerIdCXX) by extension 'python_setup_py'
[0.193s] Level 1:colcon.colcon_core.package_identification:_identify(src/41068_RS1/build/slam_toolbox/CMakeFiles/3.22.1/CompilerIdCXX/tmp) by extensions ['ignore', 'ignore_ament_install']
[0.193s] Level 1:colcon.colcon_core.package_identification:_identify(src/41068_RS1/build/slam_toolbox/CMakeFiles/3.22.1/CompilerIdCXX/tmp) by extension 'ignore'
[0.193s] Level 1:colcon.colcon_core.package_identification:_identify(src/41068_RS1/build/slam_toolbox/CMakeFiles/3.22.1/CompilerIdCXX/tmp) by extension 'ignore_ament_install'
[0.193s] Level 1:colcon.colcon_core.package_identification:_identify(src/41068_RS1/build/slam_toolbox/CMakeFiles/3.22.1/CompilerIdCXX/tmp) by extensions ['colcon_pkg']
[0.193s] Level 1:colcon.colcon_core.package_identification:_identify(src/41068_RS1/build/slam_toolbox/CMakeFiles/3.22.1/CompilerIdCXX/tmp) by extension 'colcon_pkg'
[0.193s] Level 1:colcon.colcon_core.package_identification:_identify(src/41068_RS1/build/slam_toolbox/CMakeFiles/3.22.1/CompilerIdCXX/tmp) by extensions ['colcon_meta']
[0.193s] Level 1:colcon.colcon_core.package_identification:_identify(src/41068_RS1/build/slam_toolbox/CMakeFiles/3.22.1/CompilerIdCXX/tmp) by extension 'colcon_meta'
[0.193s] Level 1:colcon.colcon_core.package_identification:_identify(src/41068_RS1/build/slam_toolbox/CMakeFiles/3.22.1/CompilerIdCXX/tmp) by extensions ['ros']
[0.193s] Level 1:colcon.colcon_core.package_identification:_identify(src/41068_RS1/build/slam_toolbox/CMakeFiles/3.22.1/CompilerIdCXX/tmp) by extension 'ros'
[0.193s] Level 1:colcon.colcon_core.package_identification:_identify(src/41068_RS1/build/slam_toolbox/CMakeFiles/3.22.1/CompilerIdCXX/tmp) by extensions ['cmake', 'python']
[0.193s] Level 1:colcon.colcon_core.package_identification:_identify(src/41068_RS1/build/slam_toolbox/CMakeFiles/3.22.1/CompilerIdCXX/tmp) by extension 'cmake'
[0.193s] Level 1:colcon.colcon_core.package_identification:_identify(src/41068_RS1/build/slam_toolbox/CMakeFiles/3.22.1/CompilerIdCXX/tmp) by extension 'python'
[0.193s] Level 1:colcon.colcon_core.package_identification:_identify(src/41068_RS1/build/slam_toolbox/CMakeFiles/3.22.1/CompilerIdCXX/tmp) by extensions ['python_setup_py']
[0.193s] Level 1:colcon.colcon_core.package_identification:_identify(src/41068_RS1/build/slam_toolbox/CMakeFiles/3.22.1/CompilerIdCXX/tmp) by extension 'python_setup_py'
[0.193s] Level 1:colcon.colcon_core.package_identification:_identify(src/41068_RS1/build/slam_toolbox/CMakeFiles/CMakeTmp) by extensions ['ignore', 'ignore_ament_install']
[0.193s] Level 1:colcon.colcon_core.package_identification:_identify(src/41068_RS1/build/slam_toolbox/CMakeFiles/CMakeTmp) by extension 'ignore'
[0.193s] Level 1:colcon.colcon_core.package_identification:_identify(src/41068_RS1/build/slam_toolbox/CMakeFiles/CMakeTmp) by extension 'ignore_ament_install'
[0.193s] Level 1:colcon.colcon_core.package_identification:_identify(src/41068_RS1/build/slam_toolbox/CMakeFiles/CMakeTmp) by extensions ['colcon_pkg']
[0.193s] Level 1:colcon.colcon_core.package_identification:_identify(src/41068_RS1/build/slam_toolbox/CMakeFiles/CMakeTmp) by extension 'colcon_pkg'
[0.193s] Level 1:colcon.colcon_core.package_identification:_identify(src/41068_RS1/build/slam_toolbox/CMakeFiles/CMakeTmp) by extensions ['colcon_meta']
[0.193s] Level 1:colcon.colcon_core.package_identification:_identify(src/41068_RS1/build/slam_toolbox/CMakeFiles/CMakeTmp) by extension 'colcon_meta'
[0.193s] Level 1:colcon.colcon_core.package_identification:_identify(src/41068_RS1/build/slam_toolbox/CMakeFiles/CMakeTmp) by extensions ['ros']
[0.193s] Level 1:colcon.colcon_core.package_identification:_identify(src/41068_RS1/build/slam_toolbox/CMakeFiles/CMakeTmp) by extension 'ros'
[0.193s] Level 1:colcon.colcon_core.package_identification:_identify(src/41068_RS1/build/slam_toolbox/CMakeFiles/CMakeTmp) by extensions ['cmake', 'python']
[0.193s] Level 1:colcon.colcon_core.package_identification:_identify(src/41068_RS1/build/slam_toolbox/CMakeFiles/CMakeTmp) by extension 'cmake'
[0.193s] Level 1:colcon.colcon_core.package_identification:_identify(src/41068_RS1/build/slam_toolbox/CMakeFiles/CMakeTmp) by extension 'python'
[0.193s] Level 1:colcon.colcon_core.package_identification:_identify(src/41068_RS1/build/slam_toolbox/CMakeFiles/CMakeTmp) by extensions ['python_setup_py']
[0.193s] Level 1:colcon.colcon_core.package_identification:_identify(src/41068_RS1/build/slam_toolbox/CMakeFiles/CMakeTmp) by extension 'python_setup_py'
[0.193s] Level 1:colcon.colcon_core.package_identification:_identify(src/41068_RS1/install) by extensions ['ignore', 'ignore_ament_install']
[0.193s] Level 1:colcon.colcon_core.package_identification:_identify(src/41068_RS1/install) by extension 'ignore'
[0.193s] Level 1:colcon.colcon_core.package_identification:_identify(src/41068_RS1/install) by extension 'ignore_ament_install'
[0.193s] Level 1:colcon.colcon_core.package_identification:_identify(src/41068_RS1/install) by extensions ['colcon_pkg']
[0.194s] Level 1:colcon.colcon_core.package_identification:_identify(src/41068_RS1/install) by extension 'colcon_pkg'
[0.194s] Level 1:colcon.colcon_core.package_identification:_identify(src/41068_RS1/install) by extensions ['colcon_meta']
[0.194s] Level 1:colcon.colcon_core.package_identification:_identify(src/41068_RS1/install) by extension 'colcon_meta'
[0.194s] Level 1:colcon.colcon_core.package_identification:_identify(src/41068_RS1/install) by extensions ['ros']
[0.194s] Level 1:colcon.colcon_core.package_identification:_identify(src/41068_RS1/install) by extension 'ros'
[0.194s] Level 1:colcon.colcon_core.package_identification:_identify(src/41068_RS1/install) by extensions ['cmake', 'python']
[0.194s] Level 1:colcon.colcon_core.package_identification:_identify(src/41068_RS1/install) by extension 'cmake'
[0.194s] Level 1:colcon.colcon_core.package_identification:_identify(src/41068_RS1/install) by extension 'python'
[0.194s] Level 1:colcon.colcon_core.package_identification:_identify(src/41068_RS1/install) by extensions ['python_setup_py']
[0.194s] Level 1:colcon.colcon_core.package_identification:_identify(src/41068_RS1/install) by extension 'python_setup_py'
[0.194s] Level 1:colcon.colcon_core.package_identification:_identify(src/41068_RS1/install/slam_toolbox) by extensions ['ignore', 'ignore_ament_install']
[0.194s] Level 1:colcon.colcon_core.package_identification:_identify(src/41068_RS1/install/slam_toolbox) by extension 'ignore'
[0.194s] Level 1:colcon.colcon_core.package_identification:_identify(src/41068_RS1/install/slam_toolbox) by extension 'ignore_ament_install'
[0.194s] Level 1:colcon.colcon_core.package_identification:_identify(src/41068_RS1/install/slam_toolbox) by extensions ['colcon_pkg']
[0.194s] Level 1:colcon.colcon_core.package_identification:_identify(src/41068_RS1/install/slam_toolbox) by extension 'colcon_pkg'
[0.194s] Level 1:colcon.colcon_core.package_identification:_identify(src/41068_RS1/install/slam_toolbox) by extensions ['colcon_meta']
[0.194s] Level 1:colcon.colcon_core.package_identification:_identify(src/41068_RS1/install/slam_toolbox) by extension 'colcon_meta'
[0.194s] Level 1:colcon.colcon_core.package_identification:_identify(src/41068_RS1/install/slam_toolbox) by extensions ['ros']
[0.194s] Level 1:colcon.colcon_core.package_identification:_identify(src/41068_RS1/install/slam_toolbox) by extension 'ros'
[0.194s] Level 1:colcon.colcon_core.package_identification:_identify(src/41068_RS1/install/slam_toolbox) by extensions ['cmake', 'python']
[0.194s] Level 1:colcon.colcon_core.package_identification:_identify(src/41068_RS1/install/slam_toolbox) by extension 'cmake'
[0.194s] Level 1:colcon.colcon_core.package_identification:_identify(src/41068_RS1/install/slam_toolbox) by extension 'python'
[0.194s] Level 1:colcon.colcon_core.package_identification:_identify(src/41068_RS1/install/slam_toolbox) by extensions ['python_setup_py']
[0.194s] Level 1:colcon.colcon_core.package_identification:_identify(src/41068_RS1/install/slam_toolbox) by extension 'python_setup_py'
[0.194s] Level 1:colcon.colcon_core.package_identification:_identify(src/41068_RS1/install/slam_toolbox/include) by extensions ['ignore', 'ignore_ament_install']
[0.194s] Level 1:colcon.colcon_core.package_identification:_identify(src/41068_RS1/install/slam_toolbox/include) by extension 'ignore'
[0.194s] Level 1:colcon.colcon_core.package_identification:_identify(src/41068_RS1/install/slam_toolbox/include) by extension 'ignore_ament_install'
[0.194s] Level 1:colcon.colcon_core.package_identification:_identify(src/41068_RS1/install/slam_toolbox/include) by extensions ['colcon_pkg']
[0.194s] Level 1:colcon.colcon_core.package_identification:_identify(src/41068_RS1/install/slam_toolbox/include) by extension 'colcon_pkg'
[0.194s] Level 1:colcon.colcon_core.package_identification:_identify(src/41068_RS1/install/slam_toolbox/include) by extensions ['colcon_meta']
[0.194s] Level 1:colcon.colcon_core.package_identification:_identify(src/41068_RS1/install/slam_toolbox/include) by extension 'colcon_meta'
[0.194s] Level 1:colcon.colcon_core.package_identification:_identify(src/41068_RS1/install/slam_toolbox/include) by extensions ['ros']
[0.194s] Level 1:colcon.colcon_core.package_identification:_identify(src/41068_RS1/install/slam_toolbox/include) by extension 'ros'
[0.194s] Level 1:colcon.colcon_core.package_identification:_identify(src/41068_RS1/install/slam_toolbox/include) by extensions ['cmake', 'python']
[0.194s] Level 1:colcon.colcon_core.package_identification:_identify(src/41068_RS1/install/slam_toolbox/include) by extension 'cmake'
[0.194s] Level 1:colcon.colcon_core.package_identification:_identify(src/41068_RS1/install/slam_toolbox/include) by extension 'python'
[0.194s] Level 1:colcon.colcon_core.package_identification:_identify(src/41068_RS1/install/slam_toolbox/include) by extensions ['python_setup_py']
[0.194s] Level 1:colcon.colcon_core.package_identification:_identify(src/41068_RS1/install/slam_toolbox/include) by extension 'python_setup_py'
[0.194s] Level 1:colcon.colcon_core.package_identification:_identify(src/41068_RS1/install/slam_toolbox/include/slam_toolbox) by extensions ['ignore', 'ignore_ament_install']
[0.194s] Level 1:colcon.colcon_core.package_identification:_identify(src/41068_RS1/install/slam_toolbox/include/slam_toolbox) by extension 'ignore'
[0.194s] Level 1:colcon.colcon_core.package_identification:_identify(src/41068_RS1/install/slam_toolbox/include/slam_toolbox) by extension 'ignore_ament_install'
[0.195s] Level 1:colcon.colcon_core.package_identification:_identify(src/41068_RS1/install/slam_toolbox/include/slam_toolbox) by extensions ['colcon_pkg']
[0.195s] Level 1:colcon.colcon_core.package_identification:_identify(src/41068_RS1/install/slam_toolbox/include/slam_toolbox) by extension 'colcon_pkg'
[0.195s] Level 1:colcon.colcon_core.package_identification:_identify(src/41068_RS1/install/slam_toolbox/include/slam_toolbox) by extensions ['colcon_meta']
[0.195s] Level 1:colcon.colcon_core.package_identification:_identify(src/41068_RS1/install/slam_toolbox/include/slam_toolbox) by extension 'colcon_meta'
[0.195s] Level 1:colcon.colcon_core.package_identification:_identify(src/41068_RS1/install/slam_toolbox/include/slam_toolbox) by extensions ['ros']
[0.195s] Level 1:colcon.colcon_core.package_identification:_identify(src/41068_RS1/install/slam_toolbox/include/slam_toolbox) by extension 'ros'
[0.195s] Level 1:colcon.colcon_core.package_identification:_identify(src/41068_RS1/install/slam_toolbox/include/slam_toolbox) by extensions ['cmake', 'python']
[0.195s] Level 1:colcon.colcon_core.package_identification:_identify(src/41068_RS1/install/slam_toolbox/include/slam_toolbox) by extension 'cmake'
[0.195s] Level 1:colcon.colcon_core.package_identification:_identify(src/41068_RS1/install/slam_toolbox/include/slam_toolbox) by extension 'python'
[0.195s] Level 1:colcon.colcon_core.package_identification:_identify(src/41068_RS1/install/slam_toolbox/include/slam_toolbox) by extensions ['python_setup_py']
[0.195s] Level 1:colcon.colcon_core.package_identification:_identify(src/41068_RS1/install/slam_toolbox/include/slam_toolbox) by extension 'python_setup_py'
[0.195s] Level 1:colcon.colcon_core.package_identification:_identify(src/41068_RS1/install/slam_toolbox/include/slam_toolbox/slam_toolbox) by extensions ['ignore', 'ignore_ament_install']
[0.195s] Level 1:colcon.colcon_core.package_identification:_identify(src/41068_RS1/install/slam_toolbox/include/slam_toolbox/slam_toolbox) by extension 'ignore'
[0.195s] Level 1:colcon.colcon_core.package_identification:_identify(src/41068_RS1/install/slam_toolbox/include/slam_toolbox/slam_toolbox) by extension 'ignore_ament_install'
[0.195s] Level 1:colcon.colcon_core.package_identification:_identify(src/41068_RS1/install/slam_toolbox/include/slam_toolbox/slam_toolbox) by extensions ['colcon_pkg']
[0.195s] Level 1:colcon.colcon_core.package_identification:_identify(src/41068_RS1/install/slam_toolbox/include/slam_toolbox/slam_toolbox) by extension 'colcon_pkg'
[0.195s] Level 1:colcon.colcon_core.package_identification:_identify(src/41068_RS1/install/slam_toolbox/include/slam_toolbox/slam_toolbox) by extensions ['colcon_meta']
[0.195s] Level 1:colcon.colcon_core.package_identification:_identify(src/41068_RS1/install/slam_toolbox/include/slam_toolbox/slam_toolbox) by extension 'colcon_meta'
[0.195s] Level 1:colcon.colcon_core.package_identification:_identify(src/41068_RS1/install/slam_toolbox/include/slam_toolbox/slam_toolbox) by extensions ['ros']
[0.195s] Level 1:colcon.colcon_core.package_identification:_identify(src/41068_RS1/install/slam_toolbox/include/slam_toolbox/slam_toolbox) by extension 'ros'
[0.195s] Level 1:colcon.colcon_core.package_identification:_identify(src/41068_RS1/install/slam_toolbox/include/slam_toolbox/slam_toolbox) by extensions ['cmake', 'python']
[0.195s] Level 1:colcon.colcon_core.package_identification:_identify(src/41068_RS1/install/slam_toolbox/include/slam_toolbox/slam_toolbox) by extension 'cmake'
[0.195s] Level 1:colcon.colcon_core.package_identification:_identify(src/41068_RS1/install/slam_toolbox/include/slam_toolbox/slam_toolbox) by extension 'python'
[0.195s] Level 1:colcon.colcon_core.package_identification:_identify(src/41068_RS1/install/slam_toolbox/include/slam_toolbox/slam_toolbox) by extensions ['python_setup_py']
[0.195s] Level 1:colcon.colcon_core.package_identification:_identify(src/41068_RS1/install/slam_toolbox/include/slam_toolbox/slam_toolbox) by extension 'python_setup_py'
[0.195s] Level 1:colcon.colcon_core.package_identification:_identify(src/41068_RS1/install/slam_toolbox/include/slam_toolbox/slam_toolbox/srv) by extensions ['ignore', 'ignore_ament_install']
[0.195s] Level 1:colcon.colcon_core.package_identification:_identify(src/41068_RS1/install/slam_toolbox/include/slam_toolbox/slam_toolbox/srv) by extension 'ignore'
[0.195s] Level 1:colcon.colcon_core.package_identification:_identify(src/41068_RS1/install/slam_toolbox/include/slam_toolbox/slam_toolbox/srv) by extension 'ignore_ament_install'
[0.195s] Level 1:colcon.colcon_core.package_identification:_identify(src/41068_RS1/install/slam_toolbox/include/slam_toolbox/slam_toolbox/srv) by extensions ['colcon_pkg']
[0.195s] Level 1:colcon.colcon_core.package_identification:_identify(src/41068_RS1/install/slam_toolbox/include/slam_toolbox/slam_toolbox/srv) by extension 'colcon_pkg'
[0.195s] Level 1:colcon.colcon_core.package_identification:_identify(src/41068_RS1/install/slam_toolbox/include/slam_toolbox/slam_toolbox/srv) by extensions ['colcon_meta']
[0.195s] Level 1:colcon.colcon_core.package_identification:_identify(src/41068_RS1/install/slam_toolbox/include/slam_toolbox/slam_toolbox/srv) by extension 'colcon_meta'
[0.195s] Level 1:colcon.colcon_core.package_identification:_identify(src/41068_RS1/install/slam_toolbox/include/slam_toolbox/slam_toolbox/srv) by extensions ['ros']
[0.195s] Level 1:colcon.colcon_core.package_identification:_identify(src/41068_RS1/install/slam_toolbox/include/slam_toolbox/slam_toolbox/srv) by extension 'ros'
[0.196s] Level 1:colcon.colcon_core.package_identification:_identify(src/41068_RS1/install/slam_toolbox/include/slam_toolbox/slam_toolbox/srv) by extensions ['cmake', 'python']
[0.196s] Level 1:colcon.colcon_core.package_identification:_identify(src/41068_RS1/install/slam_toolbox/include/slam_toolbox/slam_toolbox/srv) by extension 'cmake'
[0.196s] Level 1:colcon.colcon_core.package_identification:_identify(src/41068_RS1/install/slam_toolbox/include/slam_toolbox/slam_toolbox/srv) by extension 'python'
[0.196s] Level 1:colcon.colcon_core.package_identification:_identify(src/41068_RS1/install/slam_toolbox/include/slam_toolbox/slam_toolbox/srv) by extensions ['python_setup_py']
[0.196s] Level 1:colcon.colcon_core.package_identification:_identify(src/41068_RS1/install/slam_toolbox/include/slam_toolbox/slam_toolbox/srv) by extension 'python_setup_py'
[0.196s] Level 1:colcon.colcon_core.package_identification:_identify(src/41068_RS1/install/slam_toolbox/include/slam_toolbox/slam_toolbox/srv/detail) by extensions ['ignore', 'ignore_ament_install']
[0.196s] Level 1:colcon.colcon_core.package_identification:_identify(src/41068_RS1/install/slam_toolbox/include/slam_toolbox/slam_toolbox/srv/detail) by extension 'ignore'
[0.196s] Level 1:colcon.colcon_core.package_identification:_identify(src/41068_RS1/install/slam_toolbox/include/slam_toolbox/slam_toolbox/srv/detail) by extension 'ignore_ament_install'
[0.196s] Level 1:colcon.colcon_core.package_identification:_identify(src/41068_RS1/install/slam_toolbox/include/slam_toolbox/slam_toolbox/srv/detail) by extensions ['colcon_pkg']
[0.196s] Level 1:colcon.colcon_core.package_identification:_identify(src/41068_RS1/install/slam_toolbox/include/slam_toolbox/slam_toolbox/srv/detail) by extension 'colcon_pkg'
[0.196s] Level 1:colcon.colcon_core.package_identification:_identify(src/41068_RS1/install/slam_toolbox/include/slam_toolbox/slam_toolbox/srv/detail) by extensions ['colcon_meta']
[0.196s] Level 1:colcon.colcon_core.package_identification:_identify(src/41068_RS1/install/slam_toolbox/include/slam_toolbox/slam_toolbox/srv/detail) by extension 'colcon_meta'
[0.196s] Level 1:colcon.colcon_core.package_identification:_identify(src/41068_RS1/install/slam_toolbox/include/slam_toolbox/slam_toolbox/srv/detail) by extensions ['ros']
[0.196s] Level 1:colcon.colcon_core.package_identification:_identify(src/41068_RS1/install/slam_toolbox/include/slam_toolbox/slam_toolbox/srv/detail) by extension 'ros'
[0.196s] Level 1:colcon.colcon_core.package_identification:_identify(src/41068_RS1/install/slam_toolbox/include/slam_toolbox/slam_toolbox/srv/detail) by extensions ['cmake', 'python']
[0.196s] Level 1:colcon.colcon_core.package_identification:_identify(src/41068_RS1/install/slam_toolbox/include/slam_toolbox/slam_toolbox/srv/detail) by extension 'cmake'
[0.196s] Level 1:colcon.colcon_core.package_identification:_identify(src/41068_RS1/install/slam_toolbox/include/slam_toolbox/slam_toolbox/srv/detail) by extension 'python'
[0.196s] Level 1:colcon.colcon_core.package_identification:_identify(src/41068_RS1/install/slam_toolbox/include/slam_toolbox/slam_toolbox/srv/detail) by extensions ['python_setup_py']
[0.196s] Level 1:colcon.colcon_core.package_identification:_identify(src/41068_RS1/install/slam_toolbox/include/slam_toolbox/slam_toolbox/srv/detail) by extension 'python_setup_py'
[0.196s] Level 1:colcon.colcon_core.package_identification:_identify(src/41068_RS1/install/slam_toolbox/include/slam_toolbox/slam_toolbox/srv/detail/dds_fastrtps) by extensions ['ignore', 'ignore_ament_install']
[0.196s] Level 1:colcon.colcon_core.package_identification:_identify(src/41068_RS1/install/slam_toolbox/include/slam_toolbox/slam_toolbox/srv/detail/dds_fastrtps) by extension 'ignore'
[0.196s] Level 1:colcon.colcon_core.package_identification:_identify(src/41068_RS1/install/slam_toolbox/include/slam_toolbox/slam_toolbox/srv/detail/dds_fastrtps) by extension 'ignore_ament_install'
[0.196s] Level 1:colcon.colcon_core.package_identification:_identify(src/41068_RS1/install/slam_toolbox/include/slam_toolbox/slam_toolbox/srv/detail/dds_fastrtps) by extensions ['colcon_pkg']
[0.196s] Level 1:colcon.colcon_core.package_identification:_identify(src/41068_RS1/install/slam_toolbox/include/slam_toolbox/slam_toolbox/srv/detail/dds_fastrtps) by extension 'colcon_pkg'
[0.196s] Level 1:colcon.colcon_core.package_identification:_identify(src/41068_RS1/install/slam_toolbox/include/slam_toolbox/slam_toolbox/srv/detail/dds_fastrtps) by extensions ['colcon_meta']
[0.196s] Level 1:colcon.colcon_core.package_identification:_identify(src/41068_RS1/install/slam_toolbox/include/slam_toolbox/slam_toolbox/srv/detail/dds_fastrtps) by extension 'colcon_meta'
[0.196s] Level 1:colcon.colcon_core.package_identification:_identify(src/41068_RS1/install/slam_toolbox/include/slam_toolbox/slam_toolbox/srv/detail/dds_fastrtps) by extensions ['ros']
[0.196s] Level 1:colcon.colcon_core.package_identification:_identify(src/41068_RS1/install/slam_toolbox/include/slam_toolbox/slam_toolbox/srv/detail/dds_fastrtps) by extension 'ros'
[0.196s] Level 1:colcon.colcon_core.package_identification:_identify(src/41068_RS1/install/slam_toolbox/include/slam_toolbox/slam_toolbox/srv/detail/dds_fastrtps) by extensions ['cmake', 'python']
[0.196s] Level 1:colcon.colcon_core.package_identification:_identify(src/41068_RS1/install/slam_toolbox/include/slam_toolbox/slam_toolbox/srv/detail/dds_fastrtps) by extension 'cmake'
[0.196s] Level 1:colcon.colcon_core.package_identification:_identify(src/41068_RS1/install/slam_toolbox/include/slam_toolbox/slam_toolbox/srv/detail/dds_fastrtps) by extension 'python'
[0.196s] Level 1:colcon.colcon_core.package_identification:_identify(src/41068_RS1/install/slam_toolbox/include/slam_toolbox/slam_toolbox/srv/detail/dds_fastrtps) by extensions ['python_setup_py']
[0.196s] Level 1:colcon.colcon_core.package_identification:_identify(src/41068_RS1/install/slam_toolbox/include/slam_toolbox/slam_toolbox/srv/detail/dds_fastrtps) by extension 'python_setup_py'
[0.196s] Level 1:colcon.colcon_core.package_identification:_identify(src/41068_RS1/log) by extensions ['ignore', 'ignore_ament_install']
[0.196s] Level 1:colcon.colcon_core.package_identification:_identify(src/41068_RS1/log) by extension 'ignore'
[0.196s] Level 1:colcon.colcon_core.package_identification:_identify(src/41068_RS1/log) by extension 'ignore_ament_install'
[0.197s] Level 1:colcon.colcon_core.package_identification:_identify(src/41068_RS1/log) by extensions ['colcon_pkg']
[0.197s] Level 1:colcon.colcon_core.package_identification:_identify(src/41068_RS1/log) by extension 'colcon_pkg'
[0.197s] Level 1:colcon.colcon_core.package_identification:_identify(src/41068_RS1/log) by extensions ['colcon_meta']
[0.197s] Level 1:colcon.colcon_core.package_identification:_identify(src/41068_RS1/log) by extension 'colcon_meta'
[0.197s] Level 1:colcon.colcon_core.package_identification:_identify(src/41068_RS1/log) by extensions ['ros']
[0.197s] Level 1:colcon.colcon_core.package_identification:_identify(src/41068_RS1/log) by extension 'ros'
[0.197s] Level 1:colcon.colcon_core.package_identification:_identify(src/41068_RS1/log) by extensions ['cmake', 'python']
[0.197s] Level 1:colcon.colcon_core.package_identification:_identify(src/41068_RS1/log) by extension 'cmake'
[0.197s] Level 1:colcon.colcon_core.package_identification:_identify(src/41068_RS1/log) by extension 'python'
[0.197s] Level 1:colcon.colcon_core.package_identification:_identify(src/41068_RS1/log) by extensions ['python_setup_py']
[0.197s] Level 1:colcon.colcon_core.package_identification:_identify(src/41068_RS1/log) by extension 'python_setup_py'
[0.197s] Level 1:colcon.colcon_core.package_identification:_identify(src/41068_RS1/log/latest_list) by extensions ['ignore', 'ignore_ament_install']
[0.197s] Level 1:colcon.colcon_core.package_identification:_identify(src/41068_RS1/log/latest_list) by extension 'ignore'
[0.197s] Level 1:colcon.colcon_core.package_identification:_identify(src/41068_RS1/log/latest_list) by extension 'ignore_ament_install'
[0.197s] Level 1:colcon.colcon_core.package_identification:_identify(src/41068_RS1/log/latest_list) by extensions ['colcon_pkg']
[0.197s] Level 1:colcon.colcon_core.package_identification:_identify(src/41068_RS1/log/latest_list) by extension 'colcon_pkg'
[0.197s] Level 1:colcon.colcon_core.package_identification:_identify(src/41068_RS1/log/latest_list) by extensions ['colcon_meta']
[0.197s] Level 1:colcon.colcon_core.package_identification:_identify(src/41068_RS1/log/latest_list) by extension 'colcon_meta'
[0.197s] Level 1:colcon.colcon_core.package_identification:_identify(src/41068_RS1/log/latest_list) by extensions ['ros']
[0.197s] Level 1:colcon.colcon_core.package_identification:_identify(src/41068_RS1/log/latest_list) by extension 'ros'
[0.197s] Level 1:colcon.colcon_core.package_identification:_identify(src/41068_RS1/log/latest_list) by extensions ['cmake', 'python']
[0.197s] Level 1:colcon.colcon_core.package_identification:_identify(src/41068_RS1/log/latest_list) by extension 'cmake'
[0.197s] Level 1:colcon.colcon_core.package_identification:_identify(src/41068_RS1/log/latest_list) by extension 'python'
[0.197s] Level 1:colcon.colcon_core.package_identification:_identify(src/41068_RS1/log/latest_list) by extensions ['python_setup_py']
[0.197s] Level 1:colcon.colcon_core.package_identification:_identify(src/41068_RS1/log/latest_list) by extension 'python_setup_py'
[0.197s] Level 1:colcon.colcon_core.package_identification:_identify(src/41068_RS1/pryosens_prediction) by extensions ['ignore', 'ignore_ament_install']
[0.197s] Level 1:colcon.colcon_core.package_identification:_identify(src/41068_RS1/pryosens_prediction) by extension 'ignore'
[0.197s] Level 1:colcon.colcon_core.package_identification:_identify(src/41068_RS1/pryosens_prediction) by extension 'ignore_ament_install'
[0.197s] Level 1:colcon.colcon_core.package_identification:_identify(src/41068_RS1/pryosens_prediction) by extensions ['colcon_pkg']
[0.197s] Level 1:colcon.colcon_core.package_identification:_identify(src/41068_RS1/pryosens_prediction) by extension 'colcon_pkg'
[0.197s] Level 1:colcon.colcon_core.package_identification:_identify(src/41068_RS1/pryosens_prediction) by extensions ['colcon_meta']
[0.197s] Level 1:colcon.colcon_core.package_identification:_identify(src/41068_RS1/pryosens_prediction) by extension 'colcon_meta'
[0.197s] Level 1:colcon.colcon_core.package_identification:_identify(src/41068_RS1/pryosens_prediction) by extensions ['ros']
[0.197s] Level 1:colcon.colcon_core.package_identification:_identify(src/41068_RS1/pryosens_prediction) by extension 'ros'
[0.198s] DEBUG:colcon.colcon_core.package_identification:Package 'src/41068_RS1/pryosens_prediction' with type 'ros.ament_cmake' and name 'thermal_pyrosens'
[0.198s] Level 1:colcon.colcon_core.package_identification:_identify(src/41068_RS1/pyrosens) by extensions ['ignore', 'ignore_ament_install']
[0.198s] Level 1:colcon.colcon_core.package_identification:_identify(src/41068_RS1/pyrosens) by extension 'ignore'
[0.198s] Level 1:colcon.colcon_core.package_identification:_identify(src/41068_RS1/pyrosens) by extension 'ignore_ament_install'
[0.198s] Level 1:colcon.colcon_core.package_identification:_identify(src/41068_RS1/pyrosens) by extensions ['colcon_pkg']
[0.198s] Level 1:colcon.colcon_core.package_identification:_identify(src/41068_RS1/pyrosens) by extension 'colcon_pkg'
[0.198s] Level 1:colcon.colcon_core.package_identification:_identify(src/41068_RS1/pyrosens) by extensions ['colcon_meta']
[0.198s] Level 1:colcon.colcon_core.package_identification:_identify(src/41068_RS1/pyrosens) by extension 'colcon_meta'
[0.198s] Level 1:colcon.colcon_core.package_identification:_identify(src/41068_RS1/pyrosens) by extensions ['ros']
[0.198s] Level 1:colcon.colcon_core.package_identification:_identify(src/41068_RS1/pyrosens) by extension 'ros'
[0.199s] DEBUG:colcon.colcon_core.package_identification:Package 'src/41068_RS1/pyrosens' with type 'ros.ament_cmake' and name 'pyrosens'
[0.199s] Level 1:colcon.colcon_core.package_identification:_identify(src/41068_RS1/pyrosens_bringup) by extensions ['ignore', 'ignore_ament_install']
[0.199s] Level 1:colcon.colcon_core.package_identification:_identify(src/41068_RS1/pyrosens_bringup) by extension 'ignore'
[0.199s] Level 1:colcon.colcon_core.package_identification:_identify(src/41068_RS1/pyrosens_bringup) by extension 'ignore_ament_install'
[0.199s] Level 1:colcon.colcon_core.package_identification:_identify(src/41068_RS1/pyrosens_bringup) by extensions ['colcon_pkg']
[0.199s] Level 1:colcon.colcon_core.package_identification:_identify(src/41068_RS1/pyrosens_bringup) by extension 'colcon_pkg'
[0.199s] Level 1:colcon.colcon_core.package_identification:_identify(src/41068_RS1/pyrosens_bringup) by extensions ['colcon_meta']
[0.199s] Level 1:colcon.colcon_core.package_identification:_identify(src/41068_RS1/pyrosens_bringup) by extension 'colcon_meta'
[0.199s] Level 1:colcon.colcon_core.package_identification:_identify(src/41068_RS1/pyrosens_bringup) by extensions ['ros']
[0.199s] Level 1:colcon.colcon_core.package_identification:_identify(src/41068_RS1/pyrosens_bringup) by extension 'ros'
[0.199s] DEBUG:colcon.colcon_core.package_identification:Package 'src/41068_RS1/pyrosens_bringup' with type 'ros.ament_cmake' and name 'pyrosens_bringup'
[0.199s] Level 1:colcon.colcon_core.package_identification:_identify(src/41068_RS1/pyrosens_core) by extensions ['ignore', 'ignore_ament_install']
[0.200s] Level 1:colcon.colcon_core.package_identification:_identify(src/41068_RS1/pyrosens_core) by extension 'ignore'
[0.200s] Level 1:colcon.colcon_core.package_identification:_identify(src/41068_RS1/pyrosens_core) by extension 'ignore_ament_install'
[0.200s] Level 1:colcon.colcon_core.package_identification:_identify(src/41068_RS1/pyrosens_core) by extensions ['colcon_pkg']
[0.200s] Level 1:colcon.colcon_core.package_identification:_identify(src/41068_RS1/pyrosens_core) by extension 'colcon_pkg'
[0.200s] Level 1:colcon.colcon_core.package_identification:_identify(src/41068_RS1/pyrosens_core) by extensions ['colcon_meta']
[0.200s] Level 1:colcon.colcon_core.package_identification:_identify(src/41068_RS1/pyrosens_core) by extension 'colcon_meta'
[0.200s] Level 1:colcon.colcon_core.package_identification:_identify(src/41068_RS1/pyrosens_core) by extensions ['ros']
[0.200s] Level 1:colcon.colcon_core.package_identification:_identify(src/41068_RS1/pyrosens_core) by extension 'ros'
[0.200s] DEBUG:colcon.colcon_core.package_identification:Package 'src/41068_RS1/pyrosens_core' with type 'ros.ament_cmake' and name 'pyrosens_core'
[0.200s] Level 1:colcon.colcon_core.package_identification:_identify(src/41068_RS1/pyrosens_es) by extensions ['ignore', 'ignore_ament_install']
[0.200s] Level 1:colcon.colcon_core.package_identification:_identify(src/41068_RS1/pyrosens_es) by extension 'ignore'
[0.200s] Level 1:colcon.colcon_core.package_identification:_identify(src/41068_RS1/pyrosens_es) by extension 'ignore_ament_install'
[0.200s] Level 1:colcon.colcon_core.package_identification:_identify(src/41068_RS1/pyrosens_es) by extensions ['colcon_pkg']
[0.200s] Level 1:colcon.colcon_core.package_identification:_identify(src/41068_RS1/pyrosens_es) by extension 'colcon_pkg'
[0.200s] Level 1:colcon.colcon_core.package_identification:_identify(src/41068_RS1/pyrosens_es) by extensions ['colcon_meta']
[0.200s] Level 1:colcon.colcon_core.package_identification:_identify(src/41068_RS1/pyrosens_es) by extension 'colcon_meta'
[0.200s] Level 1:colcon.colcon_core.package_identification:_identify(src/41068_RS1/pyrosens_es) by extensions ['ros']
[0.201s] Level 1:colcon.colcon_core.package_identification:_identify(src/41068_RS1/pyrosens_es) by extension 'ros'
[0.201s] Level 1:colcon.colcon_core.package_identification:_identify(src/41068_RS1/pyrosens_es) by extensions ['cmake', 'python']
[0.201s] Level 1:colcon.colcon_core.package_identification:_identify(src/41068_RS1/pyrosens_es) by extension 'cmake'
[0.201s] Level 1:colcon.colcon_core.package_identification:_identify(src/41068_RS1/pyrosens_es) by extension 'python'
[0.201s] Level 1:colcon.colcon_core.package_identification:_identify(src/41068_RS1/pyrosens_es) by extensions ['python_setup_py']
[0.201s] Level 1:colcon.colcon_core.package_identification:_identify(src/41068_RS1/pyrosens_es) by extension 'python_setup_py'
[0.201s] Level 1:colcon.colcon_core.package_identification:_identify(src/41068_RS1/pyrosens_es/log) by extensions ['ignore', 'ignore_ament_install']
[0.201s] Level 1:colcon.colcon_core.package_identification:_identify(src/41068_RS1/pyrosens_es/log) by extension 'ignore'
[0.201s] Level 1:colcon.colcon_core.package_identification:_identify(src/41068_RS1/pyrosens_es/log) ignored
[0.201s] Level 1:colcon.colcon_core.package_identification:_identify(src/41068_RS1/pyrosens_es/logs_build) by extensions ['ignore', 'ignore_ament_install']
[0.201s] Level 1:colcon.colcon_core.package_identification:_identify(src/41068_RS1/pyrosens_es/logs_build) by extension 'ignore'
[0.201s] Level 1:colcon.colcon_core.package_identification:_identify(src/41068_RS1/pyrosens_es/logs_build) ignored
[0.201s] Level 1:colcon.colcon_core.package_identification:_identify(src/41068_RS1/pyrosens_es/pyrosens_gui) by extensions ['ignore', 'ignore_ament_install']
[0.201s] Level 1:colcon.colcon_core.package_identification:_identify(src/41068_RS1/pyrosens_es/pyrosens_gui) by extension 'ignore'
[0.201s] Level 1:colcon.colcon_core.package_identification:_identify(src/41068_RS1/pyrosens_es/pyrosens_gui) by extension 'ignore_ament_install'
[0.201s] Level 1:colcon.colcon_core.package_identification:_identify(src/41068_RS1/pyrosens_es/pyrosens_gui) by extensions ['colcon_pkg']
[0.201s] Level 1:colcon.colcon_core.package_identification:_identify(src/41068_RS1/pyrosens_es/pyrosens_gui) by extension 'colcon_pkg'
[0.201s] Level 1:colcon.colcon_core.package_identification:_identify(src/41068_RS1/pyrosens_es/pyrosens_gui) by extensions ['colcon_meta']
[0.201s] Level 1:colcon.colcon_core.package_identification:_identify(src/41068_RS1/pyrosens_es/pyrosens_gui) by extension 'colcon_meta'
[0.201s] Level 1:colcon.colcon_core.package_identification:_identify(src/41068_RS1/pyrosens_es/pyrosens_gui) by extensions ['ros']
[0.201s] Level 1:colcon.colcon_core.package_identification:_identify(src/41068_RS1/pyrosens_es/pyrosens_gui) by extension 'ros'
[0.202s] DEBUG:colcon.colcon_core.package_identification:Package 'src/41068_RS1/pyrosens_es/pyrosens_gui' with type 'ros.ament_cmake' and name 'pyrosens_gui'
[0.202s] Level 1:colcon.colcon_core.package_identification:_identify(src/41068_RS1/pyrosens_es/pyrosens_world) by extensions ['ignore', 'ignore_ament_install']
[0.202s] Level 1:colcon.colcon_core.package_identification:_identify(src/41068_RS1/pyrosens_es/pyrosens_world) by extension 'ignore'
[0.202s] Level 1:colcon.colcon_core.package_identification:_identify(src/41068_RS1/pyrosens_es/pyrosens_world) by extension 'ignore_ament_install'
[0.202s] Level 1:colcon.colcon_core.package_identification:_identify(src/41068_RS1/pyrosens_es/pyrosens_world) by extensions ['colcon_pkg']
[0.202s] Level 1:colcon.colcon_core.package_identification:_identify(src/41068_RS1/pyrosens_es/pyrosens_world) by extension 'colcon_pkg'
[0.202s] Level 1:colcon.colcon_core.package_identification:_identify(src/41068_RS1/pyrosens_es/pyrosens_world) by extensions ['colcon_meta']
[0.202s] Level 1:colcon.colcon_core.package_identification:_identify(src/41068_RS1/pyrosens_es/pyrosens_world) by extension 'colcon_meta'
[0.202s] Level 1:colcon.colcon_core.package_identification:_identify(src/41068_RS1/pyrosens_es/pyrosens_world) by extensions ['ros']
[0.202s] Level 1:colcon.colcon_core.package_identification:_identify(src/41068_RS1/pyrosens_es/pyrosens_world) by extension 'ros'
[0.202s] DEBUG:colcon.colcon_core.package_identification:Package 'src/41068_RS1/pyrosens_es/pyrosens_world' with type 'ros.ament_cmake' and name 'pyrosens_world'
[0.202s] Level 1:colcon.colcon_core.package_identification:_identify(src/41068_RS1/pyrosens_es/tmp_test_dir) by extensions ['ignore', 'ignore_ament_install']
[0.202s] Level 1:colcon.colcon_core.package_identification:_identify(src/41068_RS1/pyrosens_es/tmp_test_dir) by extension 'ignore'
[0.202s] Level 1:colcon.colcon_core.package_identification:_identify(src/41068_RS1/pyrosens_es/tmp_test_dir) by extension 'ignore_ament_install'
[0.202s] Level 1:colcon.colcon_core.package_identification:_identify(src/41068_RS1/pyrosens_es/tmp_test_dir) by extensions ['colcon_pkg']
[0.202s] Level 1:colcon.colcon_core.package_identification:_identify(src/41068_RS1/pyrosens_es/tmp_test_dir) by extension 'colcon_pkg'
[0.202s] Level 1:colcon.colcon_core.package_identification:_identify(src/41068_RS1/pyrosens_es/tmp_test_dir) by extensions ['colcon_meta']
[0.202s] Level 1:colcon.colcon_core.package_identification:_identify(src/41068_RS1/pyrosens_es/tmp_test_dir) by extension 'colcon_meta'
[0.202s] Level 1:colcon.colcon_core.package_identification:_identify(src/41068_RS1/pyrosens_es/tmp_test_dir) by extensions ['ros']
[0.203s] Level 1:colcon.colcon_core.package_identification:_identify(src/41068_RS1/pyrosens_es/tmp_test_dir) by extension 'ros'
[0.203s] Level 1:colcon.colcon_core.package_identification:_identify(src/41068_RS1/pyrosens_es/tmp_test_dir) by extensions ['cmake', 'python']
[0.203s] Level 1:colcon.colcon_core.package_identification:_identify(src/41068_RS1/pyrosens_es/tmp_test_dir) by extension 'cmake'
[0.203s] Level 1:colcon.colcon_core.package_identification:_identify(src/41068_RS1/pyrosens_es/tmp_test_dir) by extension 'python'
[0.203s] Level 1:colcon.colcon_core.package_identification:_identify(src/41068_RS1/pyrosens_es/tmp_test_dir) by extensions ['python_setup_py']
[0.203s] Level 1:colcon.colcon_core.package_identification:_identify(src/41068_RS1/pyrosens_es/tmp_test_dir) by extension 'python_setup_py'
[0.203s] Level 1:colcon.colcon_core.package_identification:_identify(src/41068_RS1/pyrosens_heat) by extensions ['ignore', 'ignore_ament_install']
[0.203s] Level 1:colcon.colcon_core.package_identification:_identify(src/41068_RS1/pyrosens_heat) by extension 'ignore'
[0.203s] Level 1:colcon.colcon_core.package_identification:_identify(src/41068_RS1/pyrosens_heat) by extension 'ignore_ament_install'
[0.203s] Level 1:colcon.colcon_core.package_identification:_identify(src/41068_RS1/pyrosens_heat) by extensions ['colcon_pkg']
[0.203s] Level 1:colcon.colcon_core.package_identification:_identify(src/41068_RS1/pyrosens_heat) by extension 'colcon_pkg'
[0.203s] Level 1:colcon.colcon_core.package_identification:_identify(src/41068_RS1/pyrosens_heat) by extensions ['colcon_meta']
[0.203s] Level 1:colcon.colcon_core.package_identification:_identify(src/41068_RS1/pyrosens_heat) by extension 'colcon_meta'
[0.203s] Level 1:colcon.colcon_core.package_identification:_identify(src/41068_RS1/pyrosens_heat) by extensions ['ros']
[0.203s] Level 1:colcon.colcon_core.package_identification:_identify(src/41068_RS1/pyrosens_heat) by extension 'ros'
[0.203s] DEBUG:colcon.colcon_core.package_identification:Package 'src/41068_RS1/pyrosens_heat' with type 'ros.ament_cmake' and name 'pyrosens_heat'
[0.203s] Level 1:colcon.colcon_core.package_identification:_identify(src/41068_RS1/pyrosens_missiontest) by extensions ['ignore', 'ignore_ament_install']
[0.203s] Level 1:colcon.colcon_core.package_identification:_identify(src/41068_RS1/pyrosens_missiontest) by extension 'ignore'
[0.203s] Level 1:colcon.colcon_core.package_identification:_identify(src/41068_RS1/pyrosens_missiontest) by extension 'ignore_ament_install'
[0.203s] Level 1:colcon.colcon_core.package_identification:_identify(src/41068_RS1/pyrosens_missiontest) by extensions ['colcon_pkg']
[0.204s] Level 1:colcon.colcon_core.package_identification:_identify(src/41068_RS1/pyrosens_missiontest) by extension 'colcon_pkg'
[0.204s] Level 1:colcon.colcon_core.package_identification:_identify(src/41068_RS1/pyrosens_missiontest) by extensions ['colcon_meta']
[0.204s] Level 1:colcon.colcon_core.package_identification:_identify(src/41068_RS1/pyrosens_missiontest) by extension 'colcon_meta'
[0.204s] Level 1:colcon.colcon_core.package_identification:_identify(src/41068_RS1/pyrosens_missiontest) by extensions ['ros']
[0.204s] Level 1:colcon.colcon_core.package_identification:_identify(src/41068_RS1/pyrosens_missiontest) by extension 'ros'
[0.204s] DEBUG:colcon.colcon_core.package_identification:Package 'src/41068_RS1/pyrosens_missiontest' with type 'ros.ament_cmake' and name 'pyrosens_progress'
[0.204s] Level 1:colcon.colcon_core.package_identification:_identify(src/41068_RS1/pyrosens_movement) by extensions ['ignore', 'ignore_ament_install']
[0.204s] Level 1:colcon.colcon_core.package_identification:_identify(src/41068_RS1/pyrosens_movement) by extension 'ignore'
[0.204s] Level 1:colcon.colcon_core.package_identification:_identify(src/41068_RS1/pyrosens_movement) by extension 'ignore_ament_install'
[0.204s] Level 1:colcon.colcon_core.package_identification:_identify(src/41068_RS1/pyrosens_movement) by extensions ['colcon_pkg']
[0.204s] Level 1:colcon.colcon_core.package_identification:_identify(src/41068_RS1/pyrosens_movement) by extension 'colcon_pkg'
[0.204s] Level 1:colcon.colcon_core.package_identification:_identify(src/41068_RS1/pyrosens_movement) by extensions ['colcon_meta']
[0.204s] Level 1:colcon.colcon_core.package_identification:_identify(src/41068_RS1/pyrosens_movement) by extension 'colcon_meta'
[0.204s] Level 1:colcon.colcon_core.package_identification:_identify(src/41068_RS1/pyrosens_movement) by extensions ['ros']
[0.204s] Level 1:colcon.colcon_core.package_identification:_identify(src/41068_RS1/pyrosens_movement) by extension 'ros'
[0.205s] DEBUG:colcon.colcon_core.package_identification:Package 'src/41068_RS1/pyrosens_movement' with type 'ros.ament_cmake' and name 'pyrosens_movement'
[0.205s] Level 1:colcon.colcon_core.package_identification:_identify(src/41068_RS1/pyrosens_progressC3) by extensions ['ignore', 'ignore_ament_install']
[0.205s] Level 1:colcon.colcon_core.package_identification:_identify(src/41068_RS1/pyrosens_progressC3) by extension 'ignore'
[0.205s] Level 1:colcon.colcon_core.package_identification:_identify(src/41068_RS1/pyrosens_progressC3) by extension 'ignore_ament_install'
[0.205s] Level 1:colcon.colcon_core.package_identification:_identify(src/41068_RS1/pyrosens_progressC3) by extensions ['colcon_pkg']
[0.205s] Level 1:colcon.colcon_core.package_identification:_identify(src/41068_RS1/pyrosens_progressC3) by extension 'colcon_pkg'
[0.205s] Level 1:colcon.colcon_core.package_identification:_identify(src/41068_RS1/pyrosens_progressC3) by extensions ['colcon_meta']
[0.205s] Level 1:colcon.colcon_core.package_identification:_identify(src/41068_RS1/pyrosens_progressC3) by extension 'colcon_meta'
[0.205s] Level 1:colcon.colcon_core.package_identification:_identify(src/41068_RS1/pyrosens_progressC3) by extensions ['ros']
[0.205s] Level 1:colcon.colcon_core.package_identification:_identify(src/41068_RS1/pyrosens_progressC3) by extension 'ros'
[0.206s] DEBUG:colcon.colcon_core.package_identification:Package 'src/41068_RS1/pyrosens_progressC3' with type 'ros.ament_cmake' and name 'pyrosens_progress'
[0.206s] Level 1:colcon.colcon_core.package_identification:_identify(src/41068_RS1/realSens_pyrosens) by extensions ['ignore', 'ignore_ament_install']
[0.206s] Level 1:colcon.colcon_core.package_identification:_identify(src/41068_RS1/realSens_pyrosens) by extension 'ignore'
[0.206s] Level 1:colcon.colcon_core.package_identification:_identify(src/41068_RS1/realSens_pyrosens) by extension 'ignore_ament_install'
[0.206s] Level 1:colcon.colcon_core.package_identification:_identify(src/41068_RS1/realSens_pyrosens) by extensions ['colcon_pkg']
[0.206s] Level 1:colcon.colcon_core.package_identification:_identify(src/41068_RS1/realSens_pyrosens) by extension 'colcon_pkg'
[0.206s] Level 1:colcon.colcon_core.package_identification:_identify(src/41068_RS1/realSens_pyrosens) by extensions ['colcon_meta']
[0.206s] Level 1:colcon.colcon_core.package_identification:_identify(src/41068_RS1/realSens_pyrosens) by extension 'colcon_meta'
[0.206s] Level 1:colcon.colcon_core.package_identification:_identify(src/41068_RS1/realSens_pyrosens) by extensions ['ros']
[0.206s] Level 1:colcon.colcon_core.package_identification:_identify(src/41068_RS1/realSens_pyrosens) by extension 'ros'
[0.207s] DEBUG:colcon.colcon_core.package_identification:Package 'src/41068_RS1/realSens_pyrosens' with type 'ros.ament_cmake' and name 'thermal_pyrosens'
[0.207s] Level 1:colcon.colcon_core.package_identification:_identify(src/41068_RS1/sim_env) by extensions ['ignore', 'ignore_ament_install']
[0.207s] Level 1:colcon.colcon_core.package_identification:_identify(src/41068_RS1/sim_env) by extension 'ignore'
[0.207s] Level 1:colcon.colcon_core.package_identification:_identify(src/41068_RS1/sim_env) by extension 'ignore_ament_install'
[0.207s] Level 1:colcon.colcon_core.package_identification:_identify(src/41068_RS1/sim_env) by extensions ['colcon_pkg']
[0.207s] Level 1:colcon.colcon_core.package_identification:_identify(src/41068_RS1/sim_env) by extension 'colcon_pkg'
[0.207s] Level 1:colcon.colcon_core.package_identification:_identify(src/41068_RS1/sim_env) by extensions ['colcon_meta']
[0.207s] Level 1:colcon.colcon_core.package_identification:_identify(src/41068_RS1/sim_env) by extension 'colcon_meta'
[0.207s] Level 1:colcon.colcon_core.package_identification:_identify(src/41068_RS1/sim_env) by extensions ['ros']
[0.207s] Level 1:colcon.colcon_core.package_identification:_identify(src/41068_RS1/sim_env) by extension 'ros'
[0.207s] Level 1:colcon.colcon_core.package_identification:_identify(src/41068_RS1/sim_env) by extensions ['cmake', 'python']
[0.207s] Level 1:colcon.colcon_core.package_identification:_identify(src/41068_RS1/sim_env) by extension 'cmake'
[0.207s] Level 1:colcon.colcon_core.package_identification:_identify(src/41068_RS1/sim_env) by extension 'python'
[0.207s] Level 1:colcon.colcon_core.package_identification:_identify(src/41068_RS1/sim_env) by extensions ['python_setup_py']
[0.207s] Level 1:colcon.colcon_core.package_identification:_identify(src/41068_RS1/sim_env) by extension 'python_setup_py'
[0.207s] Level 1:colcon.colcon_core.package_identification:_identify(src/41068_RS1/sim_env/models) by extensions ['ignore', 'ignore_ament_install']
[0.207s] Level 1:colcon.colcon_core.package_identification:_identify(src/41068_RS1/sim_env/models) by extension 'ignore'
[0.207s] Level 1:colcon.colcon_core.package_identification:_identify(src/41068_RS1/sim_env/models) by extension 'ignore_ament_install'
[0.207s] Level 1:colcon.colcon_core.package_identification:_identify(src/41068_RS1/sim_env/models) by extensions ['colcon_pkg']
[0.207s] Level 1:colcon.colcon_core.package_identification:_identify(src/41068_RS1/sim_env/models) by extension 'colcon_pkg'
[0.207s] Level 1:colcon.colcon_core.package_identification:_identify(src/41068_RS1/sim_env/models) by extensions ['colcon_meta']
[0.207s] Level 1:colcon.colcon_core.package_identification:_identify(src/41068_RS1/sim_env/models) by extension 'colcon_meta'
[0.207s] Level 1:colcon.colcon_core.package_identification:_identify(src/41068_RS1/sim_env/models) by extensions ['ros']
[0.207s] Level 1:colcon.colcon_core.package_identification:_identify(src/41068_RS1/sim_env/models) by extension 'ros'
[0.207s] Level 1:colcon.colcon_core.package_identification:_identify(src/41068_RS1/sim_env/models) by extensions ['cmake', 'python']
[0.207s] Level 1:colcon.colcon_core.package_identification:_identify(src/41068_RS1/sim_env/models) by extension 'cmake'
[0.207s] Level 1:colcon.colcon_core.package_identification:_identify(src/41068_RS1/sim_env/models) by extension 'python'
[0.207s] Level 1:colcon.colcon_core.package_identification:_identify(src/41068_RS1/sim_env/models) by extensions ['python_setup_py']
[0.207s] Level 1:colcon.colcon_core.package_identification:_identify(src/41068_RS1/sim_env/models) by extension 'python_setup_py'
[0.207s] Level 1:colcon.colcon_core.package_identification:_identify(src/41068_RS1/sim_env/models/tree_model) by extensions ['ignore', 'ignore_ament_install']
[0.208s] Level 1:colcon.colcon_core.package_identification:_identify(src/41068_RS1/sim_env/models/tree_model) by extension 'ignore'
[0.208s] Level 1:colcon.colcon_core.package_identification:_identify(src/41068_RS1/sim_env/models/tree_model) by extension 'ignore_ament_install'
[0.208s] Level 1:colcon.colcon_core.package_identification:_identify(src/41068_RS1/sim_env/models/tree_model) by extensions ['colcon_pkg']
[0.208s] Level 1:colcon.colcon_core.package_identification:_identify(src/41068_RS1/sim_env/models/tree_model) by extension 'colcon_pkg'
[0.208s] Level 1:colcon.colcon_core.package_identification:_identify(src/41068_RS1/sim_env/models/tree_model) by extensions ['colcon_meta']
[0.208s] Level 1:colcon.colcon_core.package_identification:_identify(src/41068_RS1/sim_env/models/tree_model) by extension 'colcon_meta'
[0.208s] Level 1:colcon.colcon_core.package_identification:_identify(src/41068_RS1/sim_env/models/tree_model) by extensions ['ros']
[0.208s] Level 1:colcon.colcon_core.package_identification:_identify(src/41068_RS1/sim_env/models/tree_model) by extension 'ros'
[0.208s] Level 1:colcon.colcon_core.package_identification:_identify(src/41068_RS1/sim_env/models/tree_model) by extensions ['cmake', 'python']
[0.208s] Level 1:colcon.colcon_core.package_identification:_identify(src/41068_RS1/sim_env/models/tree_model) by extension 'cmake'
[0.208s] Level 1:colcon.colcon_core.package_identification:_identify(src/41068_RS1/sim_env/models/tree_model) by extension 'python'
[0.208s] Level 1:colcon.colcon_core.package_identification:_identify(src/41068_RS1/sim_env/models/tree_model) by extensions ['python_setup_py']
[0.208s] Level 1:colcon.colcon_core.package_identification:_identify(src/41068_RS1/sim_env/models/tree_model) by extension 'python_setup_py'
[0.208s] Level 1:colcon.colcon_core.package_identification:_identify(src/41068_RS1/sim_env/models/tree_model/meshes) by extensions ['ignore', 'ignore_ament_install']
[0.208s] Level 1:colcon.colcon_core.package_identification:_identify(src/41068_RS1/sim_env/models/tree_model/meshes) by extension 'ignore'
[0.208s] Level 1:colcon.colcon_core.package_identification:_identify(src/41068_RS1/sim_env/models/tree_model/meshes) by extension 'ignore_ament_install'
[0.208s] Level 1:colcon.colcon_core.package_identification:_identify(src/41068_RS1/sim_env/models/tree_model/meshes) by extensions ['colcon_pkg']
[0.208s] Level 1:colcon.colcon_core.package_identification:_identify(src/41068_RS1/sim_env/models/tree_model/meshes) by extension 'colcon_pkg'
[0.208s] Level 1:colcon.colcon_core.package_identification:_identify(src/41068_RS1/sim_env/models/tree_model/meshes) by extensions ['colcon_meta']
[0.208s] Level 1:colcon.colcon_core.package_identification:_identify(src/41068_RS1/sim_env/models/tree_model/meshes) by extension 'colcon_meta'
[0.208s] Level 1:colcon.colcon_core.package_identification:_identify(src/41068_RS1/sim_env/models/tree_model/meshes) by extensions ['ros']
[0.208s] Level 1:colcon.colcon_core.package_identification:_identify(src/41068_RS1/sim_env/models/tree_model/meshes) by extension 'ros'
[0.208s] Level 1:colcon.colcon_core.package_identification:_identify(src/41068_RS1/sim_env/models/tree_model/meshes) by extensions ['cmake', 'python']
[0.208s] Level 1:colcon.colcon_core.package_identification:_identify(src/41068_RS1/sim_env/models/tree_model/meshes) by extension 'cmake'
[0.208s] Level 1:colcon.colcon_core.package_identification:_identify(src/41068_RS1/sim_env/models/tree_model/meshes) by extension 'python'
[0.208s] Level 1:colcon.colcon_core.package_identification:_identify(src/41068_RS1/sim_env/models/tree_model/meshes) by extensions ['python_setup_py']
[0.208s] Level 1:colcon.colcon_core.package_identification:_identify(src/41068_RS1/sim_env/models/tree_model/meshes) by extension 'python_setup_py'
[0.208s] Level 1:colcon.colcon_core.package_identification:_identify(src/41068_RS1/sim_env/models/world_env_model) by extensions ['ignore', 'ignore_ament_install']
[0.208s] Level 1:colcon.colcon_core.package_identification:_identify(src/41068_RS1/sim_env/models/world_env_model) by extension 'ignore'
[0.208s] Level 1:colcon.colcon_core.package_identification:_identify(src/41068_RS1/sim_env/models/world_env_model) by extension 'ignore_ament_install'
[0.208s] Level 1:colcon.colcon_core.package_identification:_identify(src/41068_RS1/sim_env/models/world_env_model) by extensions ['colcon_pkg']
[0.208s] Level 1:colcon.colcon_core.package_identification:_identify(src/41068_RS1/sim_env/models/world_env_model) by extension 'colcon_pkg'
[0.208s] Level 1:colcon.colcon_core.package_identification:_identify(src/41068_RS1/sim_env/models/world_env_model) by extensions ['colcon_meta']
[0.208s] Level 1:colcon.colcon_core.package_identification:_identify(src/41068_RS1/sim_env/models/world_env_model) by extension 'colcon_meta'
[0.208s] Level 1:colcon.colcon_core.package_identification:_identify(src/41068_RS1/sim_env/models/world_env_model) by extensions ['ros']
[0.208s] Level 1:colcon.colcon_core.package_identification:_identify(src/41068_RS1/sim_env/models/world_env_model) by extension 'ros'
[0.208s] Level 1:colcon.colcon_core.package_identification:_identify(src/41068_RS1/sim_env/models/world_env_model) by extensions ['cmake', 'python']
[0.208s] Level 1:colcon.colcon_core.package_identification:_identify(src/41068_RS1/sim_env/models/world_env_model) by extension 'cmake'
[0.208s] Level 1:colcon.colcon_core.package_identification:_identify(src/41068_RS1/sim_env/models/world_env_model) by extension 'python'
[0.208s] Level 1:colcon.colcon_core.package_identification:_identify(src/41068_RS1/sim_env/models/world_env_model) by extensions ['python_setup_py']
[0.209s] Level 1:colcon.colcon_core.package_identification:_identify(src/41068_RS1/sim_env/models/world_env_model) by extension 'python_setup_py'
[0.209s] Level 1:colcon.colcon_core.package_identification:_identify(src/41068_RS1/sim_env/models/world_env_model/meshes) by extensions ['ignore', 'ignore_ament_install']
[0.209s] Level 1:colcon.colcon_core.package_identification:_identify(src/41068_RS1/sim_env/models/world_env_model/meshes) by extension 'ignore'
[0.209s] Level 1:colcon.colcon_core.package_identification:_identify(src/41068_RS1/sim_env/models/world_env_model/meshes) by extension 'ignore_ament_install'
[0.209s] Level 1:colcon.colcon_core.package_identification:_identify(src/41068_RS1/sim_env/models/world_env_model/meshes) by extensions ['colcon_pkg']
[0.209s] Level 1:colcon.colcon_core.package_identification:_identify(src/41068_RS1/sim_env/models/world_env_model/meshes) by extension 'colcon_pkg'
[0.209s] Level 1:colcon.colcon_core.package_identification:_identify(src/41068_RS1/sim_env/models/world_env_model/meshes) by extensions ['colcon_meta']
[0.209s] Level 1:colcon.colcon_core.package_identification:_identify(src/41068_RS1/sim_env/models/world_env_model/meshes) by extension 'colcon_meta'
[0.209s] Level 1:colcon.colcon_core.package_identification:_identify(src/41068_RS1/sim_env/models/world_env_model/meshes) by extensions ['ros']
[0.209s] Level 1:colcon.colcon_core.package_identification:_identify(src/41068_RS1/sim_env/models/world_env_model/meshes) by extension 'ros'
[0.209s] Level 1:colcon.colcon_core.package_identification:_identify(src/41068_RS1/sim_env/models/world_env_model/meshes) by extensions ['cmake', 'python']
[0.209s] Level 1:colcon.colcon_core.package_identification:_identify(src/41068_RS1/sim_env/models/world_env_model/meshes) by extension 'cmake'
[0.209s] Level 1:colcon.colcon_core.package_identification:_identify(src/41068_RS1/sim_env/models/world_env_model/meshes) by extension 'python'
[0.209s] Level 1:colcon.colcon_core.package_identification:_identify(src/41068_RS1/sim_env/models/world_env_model/meshes) by extensions ['python_setup_py']
[0.209s] Level 1:colcon.colcon_core.package_identification:_identify(src/41068_RS1/sim_env/models/world_env_model/meshes) by extension 'python_setup_py'
[0.209s] Level 1:colcon.colcon_core.package_identification:_identify(src/41068_RS1/slam_toolbox) by extensions ['ignore', 'ignore_ament_install']
[0.209s] Level 1:colcon.colcon_core.package_identification:_identify(src/41068_RS1/slam_toolbox) by extension 'ignore'
[0.209s] Level 1:colcon.colcon_core.package_identification:_identify(src/41068_RS1/slam_toolbox) by extension 'ignore_ament_install'
[0.209s] Level 1:colcon.colcon_core.package_identification:_identify(src/41068_RS1/slam_toolbox) by extensions ['colcon_pkg']
[0.209s] Level 1:colcon.colcon_core.package_identification:_identify(src/41068_RS1/slam_toolbox) by extension 'colcon_pkg'
[0.209s] Level 1:colcon.colcon_core.package_identification:_identify(src/41068_RS1/slam_toolbox) by extensions ['colcon_meta']
[0.209s] Level 1:colcon.colcon_core.package_identification:_identify(src/41068_RS1/slam_toolbox) by extension 'colcon_meta'
[0.209s] Level 1:colcon.colcon_core.package_identification:_identify(src/41068_RS1/slam_toolbox) by extensions ['ros']
[0.209s] Level 1:colcon.colcon_core.package_identification:_identify(src/41068_RS1/slam_toolbox) by extension 'ros'
[0.209s] Level 1:colcon.colcon_core.package_identification:_identify(src/41068_RS1/slam_toolbox) by extensions ['cmake', 'python']
[0.209s] Level 1:colcon.colcon_core.package_identification:_identify(src/41068_RS1/slam_toolbox) by extension 'cmake'
[0.209s] Level 1:colcon.colcon_core.package_identification:_identify(src/41068_RS1/slam_toolbox) by extension 'python'
[0.209s] Level 1:colcon.colcon_core.package_identification:_identify(src/41068_RS1/slam_toolbox) by extensions ['python_setup_py']
[0.209s] Level 1:colcon.colcon_core.package_identification:_identify(src/41068_RS1/slam_toolbox) by extension 'python_setup_py'
[0.209s] Level 1:colcon.colcon_core.package_identification:_identify(src/41068_RS1/systemDev) by extensions ['ignore', 'ignore_ament_install']
[0.209s] Level 1:colcon.colcon_core.package_identification:_identify(src/41068_RS1/systemDev) by extension 'ignore'
[0.209s] Level 1:colcon.colcon_core.package_identification:_identify(src/41068_RS1/systemDev) by extension 'ignore_ament_install'
[0.209s] Level 1:colcon.colcon_core.package_identification:_identify(src/41068_RS1/systemDev) by extensions ['colcon_pkg']
[0.209s] Level 1:colcon.colcon_core.package_identification:_identify(src/41068_RS1/systemDev) by extension 'colcon_pkg'
[0.209s] Level 1:colcon.colcon_core.package_identification:_identify(src/41068_RS1/systemDev) by extensions ['colcon_meta']
[0.209s] Level 1:colcon.colcon_core.package_identification:_identify(src/41068_RS1/systemDev) by extension 'colcon_meta'
[0.209s] Level 1:colcon.colcon_core.package_identification:_identify(src/41068_RS1/systemDev) by extensions ['ros']
[0.210s] Level 1:colcon.colcon_core.package_identification:_identify(src/41068_RS1/systemDev) by extension 'ros'
[0.210s] DEBUG:colcon.colcon_core.package_identification:Package 'src/41068_RS1/systemDev' with type 'ros.ament_cmake' and name 'systemDev'
[0.210s] Level 1:colcon.colcon_core.package_identification:_identify(src/41068_RS1/temp_folder) by extensions ['ignore', 'ignore_ament_install']
[0.210s] Level 1:colcon.colcon_core.package_identification:_identify(src/41068_RS1/temp_folder) by extension 'ignore'
[0.210s] Level 1:colcon.colcon_core.package_identification:_identify(src/41068_RS1/temp_folder) by extension 'ignore_ament_install'
[0.210s] Level 1:colcon.colcon_core.package_identification:_identify(src/41068_RS1/temp_folder) by extensions ['colcon_pkg']
[0.210s] Level 1:colcon.colcon_core.package_identification:_identify(src/41068_RS1/temp_folder) by extension 'colcon_pkg'
[0.210s] Level 1:colcon.colcon_core.package_identification:_identify(src/41068_RS1/temp_folder) by extensions ['colcon_meta']
[0.210s] Level 1:colcon.colcon_core.package_identification:_identify(src/41068_RS1/temp_folder) by extension 'colcon_meta'
[0.210s] Level 1:colcon.colcon_core.package_identification:_identify(src/41068_RS1/temp_folder) by extensions ['ros']
[0.210s] Level 1:colcon.colcon_core.package_identification:_identify(src/41068_RS1/temp_folder) by extension 'ros'
[0.210s] Level 1:colcon.colcon_core.package_identification:_identify(src/41068_RS1/temp_folder) by extensions ['cmake', 'python']
[0.210s] Level 1:colcon.colcon_core.package_identification:_identify(src/41068_RS1/temp_folder) by extension 'cmake'
[0.210s] Level 1:colcon.colcon_core.package_identification:_identify(src/41068_RS1/temp_folder) by extension 'python'
[0.210s] Level 1:colcon.colcon_core.package_identification:_identify(src/41068_RS1/temp_folder) by extensions ['python_setup_py']
[0.210s] Level 1:colcon.colcon_core.package_identification:_identify(src/41068_RS1/temp_folder) by extension 'python_setup_py'
[0.210s] Level 1:colcon.colcon_core.package_identification:_identify(src/41068_RS1/testing_ground) by extensions ['ignore', 'ignore_ament_install']
[0.210s] Level 1:colcon.colcon_core.package_identification:_identify(src/41068_RS1/testing_ground) by extension 'ignore'
[0.210s] Level 1:colcon.colcon_core.package_identification:_identify(src/41068_RS1/testing_ground) by extension 'ignore_ament_install'
[0.210s] Level 1:colcon.colcon_core.package_identification:_identify(src/41068_RS1/testing_ground) by extensions ['colcon_pkg']
[0.210s] Level 1:colcon.colcon_core.package_identification:_identify(src/41068_RS1/testing_ground) by extension 'colcon_pkg'
[0.210s] Level 1:colcon.colcon_core.package_identification:_identify(src/41068_RS1/testing_ground) by extensions ['colcon_meta']
[0.210s] Level 1:colcon.colcon_core.package_identification:_identify(src/41068_RS1/testing_ground) by extension 'colcon_meta'
[0.210s] Level 1:colcon.colcon_core.package_identification:_identify(src/41068_RS1/testing_ground) by extensions ['ros']
[0.210s] Level 1:colcon.colcon_core.package_identification:_identify(src/41068_RS1/testing_ground) by extension 'ros'
[0.211s] DEBUG:colcon.colcon_core.package_identification:Package 'src/41068_RS1/testing_ground' with type 'ros.ament_cmake' and name 'testing_ground'
[0.211s] Level 1:colcon.colcon_core.package_identification:_identify(src/41068_RS1/thermal_pyrosens) by extensions ['ignore', 'ignore_ament_install']
[0.211s] Level 1:colcon.colcon_core.package_identification:_identify(src/41068_RS1/thermal_pyrosens) by extension 'ignore'
[0.211s] Level 1:colcon.colcon_core.package_identification:_identify(src/41068_RS1/thermal_pyrosens) by extension 'ignore_ament_install'
[0.211s] Level 1:colcon.colcon_core.package_identification:_identify(src/41068_RS1/thermal_pyrosens) by extensions ['colcon_pkg']
[0.211s] Level 1:colcon.colcon_core.package_identification:_identify(src/41068_RS1/thermal_pyrosens) by extension 'colcon_pkg'
[0.211s] Level 1:colcon.colcon_core.package_identification:_identify(src/41068_RS1/thermal_pyrosens) by extensions ['colcon_meta']
[0.211s] Level 1:colcon.colcon_core.package_identification:_identify(src/41068_RS1/thermal_pyrosens) by extension 'colcon_meta'
[0.211s] Level 1:colcon.colcon_core.package_identification:_identify(src/41068_RS1/thermal_pyrosens) by extensions ['ros']
[0.211s] Level 1:colcon.colcon_core.package_identification:_identify(src/41068_RS1/thermal_pyrosens) by extension 'ros'
[0.211s] DEBUG:colcon.colcon_core.package_identification:Package 'src/41068_RS1/thermal_pyrosens' with type 'ros.ament_cmake' and name 'thermal_pyrosens'
[0.212s] Level 1:colcon.colcon_core.package_identification:_identify(src/41068_RS1/wind_pyrosens) by extensions ['ignore', 'ignore_ament_install']
[0.212s] Level 1:colcon.colcon_core.package_identification:_identify(src/41068_RS1/wind_pyrosens) by extension 'ignore'
[0.212s] Level 1:colcon.colcon_core.package_identification:_identify(src/41068_RS1/wind_pyrosens) by extension 'ignore_ament_install'
[0.212s] Level 1:colcon.colcon_core.package_identification:_identify(src/41068_RS1/wind_pyrosens) by extensions ['colcon_pkg']
[0.212s] Level 1:colcon.colcon_core.package_identification:_identify(src/41068_RS1/wind_pyrosens) by extension 'colcon_pkg'
[0.212s] Level 1:colcon.colcon_core.package_identification:_identify(src/41068_RS1/wind_pyrosens) by extensions ['colcon_meta']
[0.212s] Level 1:colcon.colcon_core.package_identification:_identify(src/41068_RS1/wind_pyrosens) by extension 'colcon_meta'
[0.212s] Level 1:colcon.colcon_core.package_identification:_identify(src/41068_RS1/wind_pyrosens) by extensions ['ros']
[0.212s] Level 1:colcon.colcon_core.package_identification:_identify(src/41068_RS1/wind_pyrosens) by extension 'ros'
[0.212s] DEBUG:colcon.colcon_core.package_identification:Package 'src/41068_RS1/wind_pyrosens' with type 'ros.ament_cmake' and name 'wind_pyrosens'
[0.212s] Level 1:colcon.colcon_core.package_identification:_identify(src/build) by extensions ['ignore', 'ignore_ament_install']
[0.212s] Level 1:colcon.colcon_core.package_identification:_identify(src/build) by extension 'ignore'
[0.212s] Level 1:colcon.colcon_core.package_identification:_identify(src/build) ignored
[0.212s] Level 1:colcon.colcon_core.package_identification:_identify(src/install) by extensions ['ignore', 'ignore_ament_install']
[0.212s] Level 1:colcon.colcon_core.package_identification:_identify(src/install) by extension 'ignore'
[0.212s] Level 1:colcon.colcon_core.package_identification:_identify(src/install) ignored
[0.213s] Level 1:colcon.colcon_core.package_identification:_identify(src/log) by extensions ['ignore', 'ignore_ament_install']
[0.213s] Level 1:colcon.colcon_core.package_identification:_identify(src/log) by extension 'ignore'
[0.213s] Level 1:colcon.colcon_core.package_identification:_identify(src/log) ignored
[0.213s] Level 1:colcon.colcon_core.package_identification:_identify(src/ros_tutorials) by extensions ['ignore', 'ignore_ament_install']
[0.213s] Level 1:colcon.colcon_core.package_identification:_identify(src/ros_tutorials) by extension 'ignore'
[0.213s] Level 1:colcon.colcon_core.package_identification:_identify(src/ros_tutorials) by extension 'ignore_ament_install'
[0.213s] Level 1:colcon.colcon_core.package_identification:_identify(src/ros_tutorials) by extensions ['colcon_pkg']
[0.213s] Level 1:colcon.colcon_core.package_identification:_identify(src/ros_tutorials) by extension 'colcon_pkg'
[0.213s] Level 1:colcon.colcon_core.package_identification:_identify(src/ros_tutorials) by extensions ['colcon_meta']
[0.213s] Level 1:colcon.colcon_core.package_identification:_identify(src/ros_tutorials) by extension 'colcon_meta'
[0.213s] Level 1:colcon.colcon_core.package_identification:_identify(src/ros_tutorials) by extensions ['ros']
[0.213s] Level 1:colcon.colcon_core.package_identification:_identify(src/ros_tutorials) by extension 'ros'
[0.213s] Level 1:colcon.colcon_core.package_identification:_identify(src/ros_tutorials) by extensions ['cmake', 'python']
[0.213s] Level 1:colcon.colcon_core.package_identification:_identify(src/ros_tutorials) by extension 'cmake'
[0.213s] Level 1:colcon.colcon_core.package_identification:_identify(src/ros_tutorials) by extension 'python'
[0.213s] Level 1:colcon.colcon_core.package_identification:_identify(src/ros_tutorials) by extensions ['python_setup_py']
[0.213s] Level 1:colcon.colcon_core.package_identification:_identify(src/ros_tutorials) by extension 'python_setup_py'
[0.213s] Level 1:colcon.colcon_core.package_identification:_identify(src/ros_tutorials/ros_tutorials) by extensions ['ignore', 'ignore_ament_install']
[0.213s] Level 1:colcon.colcon_core.package_identification:_identify(src/ros_tutorials/ros_tutorials) by extension 'ignore'
[0.213s] Level 1:colcon.colcon_core.package_identification:_identify(src/ros_tutorials/ros_tutorials) ignored
[0.213s] Level 1:colcon.colcon_core.package_identification:_identify(src/ros_tutorials/roscpp_tutorials) by extensions ['ignore', 'ignore_ament_install']
[0.213s] Level 1:colcon.colcon_core.package_identification:_identify(src/ros_tutorials/roscpp_tutorials) by extension 'ignore'
[0.213s] Level 1:colcon.colcon_core.package_identification:_identify(src/ros_tutorials/roscpp_tutorials) ignored
[0.213s] Level 1:colcon.colcon_core.package_identification:_identify(src/ros_tutorials/rospy_tutorials) by extensions ['ignore', 'ignore_ament_install']
[0.214s] Level 1:colcon.colcon_core.package_identification:_identify(src/ros_tutorials/rospy_tutorials) by extension 'ignore'
[0.214s] Level 1:colcon.colcon_core.package_identification:_identify(src/ros_tutorials/rospy_tutorials) ignored
[0.214s] Level 1:colcon.colcon_core.package_identification:_identify(src/ros_tutorials/turtlesim) by extensions ['ignore', 'ignore_ament_install']
[0.214s] Level 1:colcon.colcon_core.package_identification:_identify(src/ros_tutorials/turtlesim) by extension 'ignore'
[0.214s] Level 1:colcon.colcon_core.package_identification:_identify(src/ros_tutorials/turtlesim) by extension 'ignore_ament_install'
[0.214s] Level 1:colcon.colcon_core.package_identification:_identify(src/ros_tutorials/turtlesim) by extensions ['colcon_pkg']
[0.214s] Level 1:colcon.colcon_core.package_identification:_identify(src/ros_tutorials/turtlesim) by extension 'colcon_pkg'
[0.214s] Level 1:colcon.colcon_core.package_identification:_identify(src/ros_tutorials/turtlesim) by extensions ['colcon_meta']
[0.214s] Level 1:colcon.colcon_core.package_identification:_identify(src/ros_tutorials/turtlesim) by extension 'colcon_meta'
[0.214s] Level 1:colcon.colcon_core.package_identification:_identify(src/ros_tutorials/turtlesim) by extensions ['ros']
[0.214s] Level 1:colcon.colcon_core.package_identification:_identify(src/ros_tutorials/turtlesim) by extension 'ros'
[0.214s] DEBUG:colcon.colcon_core.package_identification:Package 'src/ros_tutorials/turtlesim' with type 'ros.ament_cmake' and name 'turtlesim'
[0.215s] Level 1:colcon.colcon_core.package_discovery:discover_packages(recursive) using defaults
[0.215s] Level 1:colcon.colcon_core.package_discovery:discover_packages(ignore) discover
[0.215s] Level 1:colcon.colcon_core.package_discovery:discover_packages(ignore) using defaults
[0.215s] Level 1:colcon.colcon_core.package_discovery:discover_packages(path) discover
[0.215s] Level 1:colcon.colcon_core.package_discovery:discover_packages(path) using defaults
[0.230s] INFO:colcon.colcon_core.package_selection:Skipping not selected package '41068_ignition_bringup' in 'src/41068_RS1/41068_ignition_bringup'
[0.230s] INFO:colcon.colcon_core.package_selection:Skipping not selected package 'pyrosens' in 'src/41068_RS1/pyrosens'
[0.230s] INFO:colcon.colcon_core.package_selection:Skipping not selected package 'pyrosens_core' in 'src/41068_RS1/pyrosens_core'
[0.230s] INFO:colcon.colcon_core.package_selection:Skipping not selected package 'pyrosens_heat' in 'src/41068_RS1/pyrosens_heat'
[0.230s] INFO:colcon.colcon_core.package_selection:Skipping not selected package 'pyrosens_movement' in 'src/41068_RS1/pyrosens_movement'
[0.230s] INFO:colcon.colcon_core.package_selection:Skipping not selected package 'pyrosens_progress' in 'src/41068_RS1/pyrosens_missiontest'
[0.230s] INFO:colcon.colcon_core.package_selection:Skipping not selected package 'pyrosens_progress' in 'src/41068_RS1/pyrosens_progressC3'
[0.230s] INFO:colcon.colcon_core.package_selection:Skipping not selected package 'pyrosens_world' in 'src/41068_RS1/pyrosens_es/pyrosens_world'
[0.230s] INFO:colcon.colcon_core.package_selection:Skipping not selected package 'systemDev' in 'src/41068_RS1/systemDev'
[0.230s] INFO:colcon.colcon_core.package_selection:Skipping not selected package 'testing_ground' in 'src/41068_RS1/testing_ground'
[0.230s] INFO:colcon.colcon_core.package_selection:Skipping not selected package 'thermal_pyrosens' in 'src/41068_RS1/pryosens_prediction'
[0.230s] INFO:colcon.colcon_core.package_selection:Skipping not selected package 'thermal_pyrosens' in 'src/41068_RS1/realSens_pyrosens'
[0.230s] INFO:colcon.colcon_core.package_selection:Skipping not selected package 'thermal_pyrosens' in 'src/41068_RS1/thermal_pyrosens'
[0.230s] INFO:colcon.colcon_core.package_selection:Skipping not selected package 'turtlesim' in 'src/ros_tutorials/turtlesim'
[0.230s] INFO:colcon.colcon_core.package_selection:Skipping not selected package 'wind_pyrosens' in 'src/41068_RS1/wind_pyrosens'
[0.230s] INFO:colcon.colcon_core.package_selection:Skipping not selected package 'pyrosens_bringup' in 'src/41068_RS1/pyrosens_bringup'
[0.230s] Level 1:colcon.colcon_core.package_discovery:discover_packages(prefix_path) check parameters
[0.230s] Level 1:colcon.colcon_core.package_discovery:discover_packages(prefix_path) discover
[0.232s] DEBUG:colcon.colcon_installed_package_information.package_discovery:Found 16 installed packages in /home/elijahs04/ros2_ws/install
[0.232s] DEBUG:colcon.colcon_installed_package_information.package_discovery:Found 1 installed packages in /home/elijahs04/41068_ws/install
[0.233s] DEBUG:colcon.colcon_installed_package_information.package_discovery:Found 407 installed packages in /opt/ros/humble
[0.235s] Level 1:colcon.colcon_core.package_discovery:discover_packages(prefix_path) using defaults
[0.261s] Level 5:colcon.colcon_core.verb:set package 'pyrosens_gui' build argument 'cmake_args' from command line to 'None'
[0.261s] Level 5:colcon.colcon_core.verb:set package 'pyrosens_gui' build argument 'cmake_target' from command line to 'None'
[0.261s] Level 5:colcon.colcon_core.verb:set package 'pyrosens_gui' build argument 'cmake_target_skip_unavailable' from command line to 'False'
[0.261s] Level 5:colcon.colcon_core.verb:set package 'pyrosens_gui' build argument 'cmake_clean_cache' from command line to 'False'
[0.261s] Level 5:colcon.colcon_core.verb:set package 'pyrosens_gui' build argument 'cmake_clean_first' from command line to 'False'
[0.261s] Level 5:colcon.colcon_core.verb:set package 'pyrosens_gui' build argument 'cmake_force_configure' from command line to 'False'
[0.261s] Level 5:colcon.colcon_core.verb:set package 'pyrosens_gui' build argument 'ament_cmake_args' from command line to 'None'
[0.261s] Level 5:colcon.colcon_core.verb:set package 'pyrosens_gui' build argument 'catkin_cmake_args' from command line to 'None'
[0.261s] Level 5:colcon.colcon_core.verb:set package 'pyrosens_gui' build argument 'catkin_skip_building_tests' from command line to 'False'
[0.261s] DEBUG:colcon.colcon_core.verb:Building package 'pyrosens_gui' with the following arguments: {'ament_cmake_args': None, 'build_base': '/home/elijahs04/ros2_ws/build/pyrosens_gui', 'catkin_cmake_args': None, 'catkin_skip_building_tests': False, 'cmake_args': None, 'cmake_clean_cache': False, 'cmake_clean_first': False, 'cmake_force_configure': False, 'cmake_target': None, 'cmake_target_skip_unavailable': False, 'install_base': '/home/elijahs04/ros2_ws/install/pyrosens_gui', 'merge_install': False, 'path': '/home/elijahs04/ros2_ws/src/41068_RS1/pyrosens_es/pyrosens_gui', 'symlink_install': False, 'test_result_base': None}
[0.261s] INFO:colcon.colcon_core.executor:Executing jobs using 'parallel' executor
[0.262s] DEBUG:colcon.colcon_parallel_executor.executor.parallel:run_until_complete
[0.262s] INFO:colcon.colcon_ros.task.ament_cmake.build:Building ROS package in '/home/elijahs04/ros2_ws/src/41068_RS1/pyrosens_es/pyrosens_gui' with build type 'ament_cmake'
[0.262s] INFO:colcon.colcon_cmake.task.cmake.build:Building CMake package in '/home/elijahs04/ros2_ws/src/41068_RS1/pyrosens_es/pyrosens_gui'
[0.264s] INFO:colcon.colcon_core.plugin_system:Skipping extension 'colcon_core.shell.bat': Not used on non-Windows systems
[0.264s] INFO:colcon.colcon_core.shell:Skip shell extension 'powershell' for command environment: Not usable outside of PowerShell
[0.264s] DEBUG:colcon.colcon_core.shell:Skip shell extension 'dsv' for command environment
[0.268s] ERROR:colcon.colcon_core.shell:Exception in shell extension 'sh': [Errno 13] Permission denied: '/home/elijahs04/ros2_ws/build/pyrosens_gui/colcon_command_prefix_build.sh'
Traceback (most recent call last):
  File "/usr/lib/python3/dist-packages/colcon_core/shell/__init__.py", line 308, in get_command_environment
    return await extension.generate_command_environment(
  File "/usr/lib/python3/dist-packages/colcon_core/shell/sh.py", line 150, in generate_command_environment
    expand_template(
  File "/usr/lib/python3/dist-packages/colcon_core/shell/template/__init__.py", line 68, in expand_template
    with destination_path.open('w') as h:
  File "/usr/lib/python3.10/pathlib.py", line 1119, in open
    return self._accessor.open(self, mode, buffering, encoding, errors,
PermissionError: [Errno 13] Permission denied: '/home/elijahs04/ros2_ws/build/pyrosens_gui/colcon_command_prefix_build.sh'

[0.268s] DEBUG:colcon.colcon_core.shell:Skip shell extension 'bash' for command environment
[0.268s] DEBUG:colcon.colcon_core.shell:Skip shell extension 'zsh' for command environment
[0.268s] ERROR:colcon.colcon_cmake.task.cmake.build:Could not find a shell extension for the command environment
[0.269s] Level 1:colcon.colcon_core.environment:create_environment_scripts_only(pyrosens_gui)
[0.271s] Level 1:colcon.colcon_core.environment:checking '/home/elijahs04/ros2_ws/install/pyrosens_gui' for CMake module files
[0.271s] Level 1:colcon.colcon_core.environment:checking '/home/elijahs04/ros2_ws/install/pyrosens_gui' for CMake config files
[0.271s] Level 1:colcon.colcon_core.shell:create_environment_hook('pyrosens_gui', 'cmake_prefix_path')
[0.271s] INFO:colcon.colcon_core.shell:Creating environment hook '/home/elijahs04/ros2_ws/install/pyrosens_gui/share/pyrosens_gui/hook/cmake_prefix_path.ps1'
[0.272s] ERROR:colcon.colcon_core.shell:Exception in shell extension 'powershell': [Errno 13] Permission denied: '/home/elijahs04/ros2_ws/install/pyrosens_gui/share/pyrosens_gui/hook/cmake_prefix_path.ps1'
Traceback (most recent call last):
  File "/usr/lib/python3/dist-packages/colcon_core/shell/__init__.py", line 461, in create_environment_hook
    hook = extension.create_hook_prepend_value(
  File "/usr/lib/python3/dist-packages/colcon_powershell/shell/powershell.py", line 148, in create_hook_prepend_value
    expand_template(
  File "/usr/lib/python3/dist-packages/colcon_core/shell/template/__init__.py", line 68, in expand_template
    with destination_path.open('w') as h:
  File "/usr/lib/python3.10/pathlib.py", line 1119, in open
    return self._accessor.open(self, mode, buffering, encoding, errors,
PermissionError: [Errno 13] Permission denied: '/home/elijahs04/ros2_ws/install/pyrosens_gui/share/pyrosens_gui/hook/cmake_prefix_path.ps1'

[0.272s] INFO:colcon.colcon_core.shell:Creating environment descriptor '/home/elijahs04/ros2_ws/install/pyrosens_gui/share/pyrosens_gui/hook/cmake_prefix_path.dsv'
[0.272s] ERROR:colcon.colcon_core.shell:Exception in shell extension 'dsv': [Errno 13] Permission denied: '/home/elijahs04/ros2_ws/install/pyrosens_gui/share/pyrosens_gui/hook/cmake_prefix_path.dsv'
Traceback (most recent call last):
  File "/usr/lib/python3/dist-packages/colcon_core/shell/__init__.py", line 461, in create_environment_hook
    hook = extension.create_hook_prepend_value(
  File "/usr/lib/python3/dist-packages/colcon_core/shell/dsv.py", line 75, in create_hook_prepend_value
    expand_template(
  File "/usr/lib/python3/dist-packages/colcon_core/shell/template/__init__.py", line 68, in expand_template
    with destination_path.open('w') as h:
  File "/usr/lib/python3.10/pathlib.py", line 1119, in open
    return self._accessor.open(self, mode, buffering, encoding, errors,
PermissionError: [Errno 13] Permission denied: '/home/elijahs04/ros2_ws/install/pyrosens_gui/share/pyrosens_gui/hook/cmake_prefix_path.dsv'

[0.272s] INFO:colcon.colcon_core.shell:Creating environment hook '/home/elijahs04/ros2_ws/install/pyrosens_gui/share/pyrosens_gui/hook/cmake_prefix_path.sh'
[0.273s] ERROR:colcon.colcon_core.shell:Exception in shell extension 'sh': [Errno 13] Permission denied: '/home/elijahs04/ros2_ws/install/pyrosens_gui/share/pyrosens_gui/hook/cmake_prefix_path.sh'
Traceback (most recent call last):
  File "/usr/lib/python3/dist-packages/colcon_core/shell/__init__.py", line 461, in create_environment_hook
    hook = extension.create_hook_prepend_value(
  File "/usr/lib/python3/dist-packages/colcon_core/shell/sh.py", line 129, in create_hook_prepend_value
    expand_template(
  File "/usr/lib/python3/dist-packages/colcon_core/shell/template/__init__.py", line 68, in expand_template
    with destination_path.open('w') as h:
  File "/usr/lib/python3.10/pathlib.py", line 1119, in open
    return self._accessor.open(self, mode, buffering, encoding, errors,
PermissionError: [Errno 13] Permission denied: '/home/elijahs04/ros2_ws/install/pyrosens_gui/share/pyrosens_gui/hook/cmake_prefix_path.sh'

[0.273s] ERROR:colcon.colcon_core.environment:Exception in environment extension 'cmake_prefix_path': Could not find a primary shell extension for creating an environment hook
Traceback (most recent call last):
  File "/usr/lib/python3/dist-packages/colcon_core/environment/__init__.py", line 193, in create_environment_hooks
    hooks = extension.create_environment_hooks(prefix_path, pkg_name)
  File "/usr/lib/python3/dist-packages/colcon_cmake/environment/cmake_prefix_path.py", line 28, in create_environment_hooks
    hooks += create_environment_hook(
  File "/usr/lib/python3/dist-packages/colcon_core/shell/__init__.py", line 480, in create_environment_hook
    raise RuntimeError(
RuntimeError: Could not find a primary shell extension for creating an environment hook

[0.274s] Level 1:colcon.colcon_core.environment:checking '/home/elijahs04/ros2_ws/install/pyrosens_gui/lib'
[0.274s] Level 1:colcon.colcon_core.shell:create_environment_hook('pyrosens_gui', 'ld_library_path_lib')
[0.274s] INFO:colcon.colcon_core.shell:Creating environment hook '/home/elijahs04/ros2_ws/install/pyrosens_gui/share/pyrosens_gui/hook/ld_library_path_lib.ps1'
[0.274s] ERROR:colcon.colcon_core.shell:Exception in shell extension 'powershell': [Errno 13] Permission denied: '/home/elijahs04/ros2_ws/install/pyrosens_gui/share/pyrosens_gui/hook/ld_library_path_lib.ps1'
Traceback (most recent call last):
  File "/usr/lib/python3/dist-packages/colcon_core/shell/__init__.py", line 461, in create_environment_hook
    hook = extension.create_hook_prepend_value(
  File "/usr/lib/python3/dist-packages/colcon_powershell/shell/powershell.py", line 148, in create_hook_prepend_value
    expand_template(
  File "/usr/lib/python3/dist-packages/colcon_core/shell/template/__init__.py", line 68, in expand_template
    with destination_path.open('w') as h:
  File "/usr/lib/python3.10/pathlib.py", line 1119, in open
    return self._accessor.open(self, mode, buffering, encoding, errors,
PermissionError: [Errno 13] Permission denied: '/home/elijahs04/ros2_ws/install/pyrosens_gui/share/pyrosens_gui/hook/ld_library_path_lib.ps1'

[0.274s] INFO:colcon.colcon_core.shell:Creating environment descriptor '/home/elijahs04/ros2_ws/install/pyrosens_gui/share/pyrosens_gui/hook/ld_library_path_lib.dsv'
[0.274s] ERROR:colcon.colcon_core.shell:Exception in shell extension 'dsv': [Errno 13] Permission denied: '/home/elijahs04/ros2_ws/install/pyrosens_gui/share/pyrosens_gui/hook/ld_library_path_lib.dsv'
Traceback (most recent call last):
  File "/usr/lib/python3/dist-packages/colcon_core/shell/__init__.py", line 461, in create_environment_hook
    hook = extension.create_hook_prepend_value(
  File "/usr/lib/python3/dist-packages/colcon_core/shell/dsv.py", line 75, in create_hook_prepend_value
    expand_template(
  File "/usr/lib/python3/dist-packages/colcon_core/shell/template/__init__.py", line 68, in expand_template
    with destination_path.open('w') as h:
  File "/usr/lib/python3.10/pathlib.py", line 1119, in open
    return self._accessor.open(self, mode, buffering, encoding, errors,
PermissionError: [Errno 13] Permission denied: '/home/elijahs04/ros2_ws/install/pyrosens_gui/share/pyrosens_gui/hook/ld_library_path_lib.dsv'

[0.274s] INFO:colcon.colcon_core.shell:Creating environment hook '/home/elijahs04/ros2_ws/install/pyrosens_gui/share/pyrosens_gui/hook/ld_library_path_lib.sh'
[0.274s] ERROR:colcon.colcon_core.shell:Exception in shell extension 'sh': [Errno 13] Permission denied: '/home/elijahs04/ros2_ws/install/pyrosens_gui/share/pyrosens_gui/hook/ld_library_path_lib.sh'
Traceback (most recent call last):
  File "/usr/lib/python3/dist-packages/colcon_core/shell/__init__.py", line 461, in create_environment_hook
    hook = extension.create_hook_prepend_value(
  File "/usr/lib/python3/dist-packages/colcon_core/shell/sh.py", line 129, in create_hook_prepend_value
    expand_template(
  File "/usr/lib/python3/dist-packages/colcon_core/shell/template/__init__.py", line 68, in expand_template
    with destination_path.open('w') as h:
  File "/usr/lib/python3.10/pathlib.py", line 1119, in open
    return self._accessor.open(self, mode, buffering, encoding, errors,
PermissionError: [Errno 13] Permission denied: '/home/elijahs04/ros2_ws/install/pyrosens_gui/share/pyrosens_gui/hook/ld_library_path_lib.sh'

[0.275s] ERROR:colcon.colcon_core.environment:Exception in environment extension 'library_path': Could not find a primary shell extension for creating an environment hook
Traceback (most recent call last):
  File "/usr/lib/python3/dist-packages/colcon_core/environment/__init__.py", line 193, in create_environment_hooks
    hooks = extension.create_environment_hooks(prefix_path, pkg_name)
  File "/usr/lib/python3/dist-packages/colcon_library_path/environment/library_path.py", line 57, in create_environment_hooks
    environment_hooks += create_environment_hook(
  File "/usr/lib/python3/dist-packages/colcon_core/shell/__init__.py", line 480, in create_environment_hook
    raise RuntimeError(
RuntimeError: Could not find a primary shell extension for creating an environment hook

[0.275s] Level 1:colcon.colcon_core.environment:checking '/home/elijahs04/ros2_ws/install/pyrosens_gui/bin'
[0.275s] Level 1:colcon.colcon_core.environment:checking '/home/elijahs04/ros2_ws/install/pyrosens_gui/lib/pkgconfig/pyrosens_gui.pc'
[0.275s] Level 1:colcon.colcon_core.environment:checking '/home/elijahs04/ros2_ws/install/pyrosens_gui/lib/python3.10/site-packages'
[0.275s] Level 1:colcon.colcon_core.environment:checking '/home/elijahs04/ros2_ws/install/pyrosens_gui/bin'
[0.275s] INFO:colcon.colcon_core.shell:Creating package script '/home/elijahs04/ros2_ws/install/pyrosens_gui/share/pyrosens_gui/package.ps1'
[0.276s] ERROR:colcon.colcon_core.environment:Exception in shell extension 'powershell': [Errno 13] Permission denied: '/home/elijahs04/ros2_ws/install/pyrosens_gui/share/pyrosens_gui/package.ps1'
Traceback (most recent call last):
  File "/usr/lib/python3/dist-packages/colcon_core/environment/__init__.py", line 141, in create_environment_scripts_only
    scripts = extension.create_package_script(
  File "/usr/lib/python3/dist-packages/colcon_powershell/shell/powershell.py", line 117, in create_package_script
    expand_template(
  File "/usr/lib/python3/dist-packages/colcon_core/shell/template/__init__.py", line 68, in expand_template
    with destination_path.open('w') as h:
  File "/usr/lib/python3.10/pathlib.py", line 1119, in open
    return self._accessor.open(self, mode, buffering, encoding, errors,
PermissionError: [Errno 13] Permission denied: '/home/elijahs04/ros2_ws/install/pyrosens_gui/share/pyrosens_gui/package.ps1'

[0.276s] INFO:colcon.colcon_core.shell:Creating package descriptor '/home/elijahs04/ros2_ws/install/pyrosens_gui/share/pyrosens_gui/package.dsv'
[0.276s] ERROR:colcon.colcon_core.environment:Exception in shell extension 'dsv': [Errno 13] Permission denied: '/home/elijahs04/ros2_ws/install/pyrosens_gui/share/pyrosens_gui/package.dsv'
Traceback (most recent call last):
  File "/usr/lib/python3/dist-packages/colcon_core/environment/__init__.py", line 141, in create_environment_scripts_only
    scripts = extension.create_package_script(
  File "/usr/lib/python3/dist-packages/colcon_core/shell/dsv.py", line 30, in create_package_script
    expand_template(
  File "/usr/lib/python3/dist-packages/colcon_core/shell/template/__init__.py", line 68, in expand_template
    with destination_path.open('w') as h:
  File "/usr/lib/python3.10/pathlib.py", line 1119, in open
    return self._accessor.open(self, mode, buffering, encoding, errors,
PermissionError: [Errno 13] Permission denied: '/home/elijahs04/ros2_ws/install/pyrosens_gui/share/pyrosens_gui/package.dsv'

[0.276s] INFO:colcon.colcon_core.shell:Creating package script '/home/elijahs04/ros2_ws/install/pyrosens_gui/share/pyrosens_gui/package.sh'
[0.277s] ERROR:colcon.colcon_core.environment:Exception in shell extension 'sh': [Errno 13] Permission denied: '/home/elijahs04/ros2_ws/install/pyrosens_gui/share/pyrosens_gui/package.sh'
Traceback (most recent call last):
  File "/usr/lib/python3/dist-packages/colcon_core/environment/__init__.py", line 141, in create_environment_scripts_only
    scripts = extension.create_package_script(
  File "/usr/lib/python3/dist-packages/colcon_core/shell/sh.py", line 85, in create_package_script
    expand_template(
  File "/usr/lib/python3/dist-packages/colcon_core/shell/template/__init__.py", line 68, in expand_template
    with destination_path.open('w') as h:
  File "/usr/lib/python3.10/pathlib.py", line 1119, in open
    return self._accessor.open(self, mode, buffering, encoding, errors,
PermissionError: [Errno 13] Permission denied: '/home/elijahs04/ros2_ws/install/pyrosens_gui/share/pyrosens_gui/package.sh'

[0.277s] INFO:colcon.colcon_core.shell:Creating package script '/home/elijahs04/ros2_ws/install/pyrosens_gui/share/pyrosens_gui/package.bash'
[0.277s] ERROR:colcon.colcon_core.environment:Exception in shell extension 'bash': [Errno 13] Permission denied: '/home/elijahs04/ros2_ws/install/pyrosens_gui/share/pyrosens_gui/package.bash'
Traceback (most recent call last):
  File "/usr/lib/python3/dist-packages/colcon_core/environment/__init__.py", line 141, in create_environment_scripts_only
    scripts = extension.create_package_script(
  File "/usr/lib/python3/dist-packages/colcon_bash/shell/bash.py", line 63, in create_package_script
    expand_template(
  File "/usr/lib/python3/dist-packages/colcon_core/shell/template/__init__.py", line 68, in expand_template
    with destination_path.open('w') as h:
  File "/usr/lib/python3.10/pathlib.py", line 1119, in open
    return self._accessor.open(self, mode, buffering, encoding, errors,
PermissionError: [Errno 13] Permission denied: '/home/elijahs04/ros2_ws/install/pyrosens_gui/share/pyrosens_gui/package.bash'

[0.277s] INFO:colcon.colcon_core.shell:Creating package script '/home/elijahs04/ros2_ws/install/pyrosens_gui/share/pyrosens_gui/package.zsh'
[0.278s] ERROR:colcon.colcon_core.environment:Exception in shell extension 'zsh': [Errno 13] Permission denied: '/home/elijahs04/ros2_ws/install/pyrosens_gui/share/pyrosens_gui/package.zsh'
Traceback (most recent call last):
  File "/usr/lib/python3/dist-packages/colcon_core/environment/__init__.py", line 141, in create_environment_scripts_only
    scripts = extension.create_package_script(
  File "/usr/lib/python3/dist-packages/colcon_zsh/shell/zsh.py", line 63, in create_package_script
    expand_template(
  File "/usr/lib/python3/dist-packages/colcon_core/shell/template/__init__.py", line 68, in expand_template
    with destination_path.open('w') as h:
  File "/usr/lib/python3.10/pathlib.py", line 1119, in open
    return self._accessor.open(self, mode, buffering, encoding, errors,
PermissionError: [Errno 13] Permission denied: '/home/elijahs04/ros2_ws/install/pyrosens_gui/share/pyrosens_gui/package.zsh'

[0.278s] Level 1:colcon.colcon_core.environment:create_file_with_runtime_dependencies(/home/elijahs04/ros2_ws/install/pyrosens_gui/share/colcon-core/packages/pyrosens_gui)
[0.280s] ERROR:colcon.colcon_core.event_reactor:Exception in event handler extension 'store_result': [Errno 13] Permission denied: '/home/elijahs04/ros2_ws/build/pyrosens_gui/colcon_build.rc'
Traceback (most recent call last):
  File "/usr/lib/python3/dist-packages/colcon_core/event_reactor.py", line 78, in _notify_observers
    retval = observer(event)
  File "/usr/lib/python3/dist-packages/colcon_package_selection/package_selection/previous/event_handler.py", line 53, in __call__
    set_result(job.task_context.args.build_base, verb_name, result)
  File "/usr/lib/python3/dist-packages/colcon_package_selection/package_selection/previous/__init__.py", line 36, in set_result
    path.write_text(str(result) + '\n')
  File "/usr/lib/python3.10/pathlib.py", line 1154, in write_text
    with self.open(mode='w', encoding=encoding, errors=errors, newline=newline) as f:
  File "/usr/lib/python3.10/pathlib.py", line 1119, in open
    return self._accessor.open(self, mode, buffering, encoding, errors,
PermissionError: [Errno 13] Permission denied: '/home/elijahs04/ros2_ws/build/pyrosens_gui/colcon_build.rc'

[0.289s] DEBUG:colcon.colcon_parallel_executor.executor.parallel:closing loop
[0.289s] DEBUG:colcon.colcon_parallel_executor.executor.parallel:loop closed
[0.289s] DEBUG:colcon.colcon_parallel_executor.executor.parallel:run_until_complete finished with '[Errno 13] Permission denied: '/home/elijahs04/ros2_ws/install/pyrosens_gui/share/colcon-core/packages/pyrosens_gui''
[0.289s] DEBUG:colcon.colcon_core.event_reactor:joining thread
[0.292s] INFO:colcon.colcon_core.plugin_system:Skipping extension 'colcon_notification.desktop_notification.terminal_notifier': Not used on non-Darwin systems
[0.292s] INFO:colcon.colcon_core.plugin_system:Skipping extension 'colcon_notification.desktop_notification.win32': Not used on non-Windows systems
[0.292s] INFO:colcon.colcon_notification.desktop_notification:Sending desktop notification using 'notify2'
[0.293s] DEBUG:colcon.colcon_notification.desktop_notification.notify2:Failed to initialize notify2: org.freedesktop.DBus.Error.AccessDenied: Failed to connect to socket /run/user/1000/bus: Operation not permitted
[0.293s] DEBUG:colcon.colcon_core.event_reactor:joined thread
[0.293s] INFO:colcon.colcon_core.shell:Creating prefix script '/home/elijahs04/ros2_ws/install/local_setup.ps1'
[0.294s] ERROR:colcon.colcon_core.verb:Exception in shell extension 'powershell': [Errno 13] Permission denied: '/home/elijahs04/ros2_ws/install/local_setup.ps1'
Traceback (most recent call last):
  File "/usr/lib/python3/dist-packages/colcon_core/verb/build.py", line 222, in _create_prefix_scripts
    scripts = extension.create_prefix_script(
  File "/usr/lib/python3/dist-packages/colcon_powershell/shell/powershell.py", line 78, in create_prefix_script
    expand_template(
  File "/usr/lib/python3/dist-packages/colcon_core/shell/template/__init__.py", line 68, in expand_template
    with destination_path.open('w') as h:
  File "/usr/lib/python3.10/pathlib.py", line 1119, in open
    return self._accessor.open(self, mode, buffering, encoding, errors,
PermissionError: [Errno 13] Permission denied: '/home/elijahs04/ros2_ws/install/local_setup.ps1'

[0.294s] INFO:colcon.colcon_core.shell:Creating prefix script '/home/elijahs04/ros2_ws/install/local_setup.sh'
[0.294s] ERROR:colcon.colcon_core.verb:Exception in shell extension 'sh': [Errno 13] Permission denied: '/home/elijahs04/ros2_ws/install/local_setup.sh'
Traceback (most recent call last):
  File "/usr/lib/python3/dist-packages/colcon_core/verb/build.py", line 222, in _create_prefix_scripts
    scripts = extension.create_prefix_script(
  File "/usr/lib/python3/dist-packages/colcon_core/shell/sh.py", line 45, in create_prefix_script
    expand_template(
  File "/usr/lib/python3/dist-packages/colcon_core/shell/template/__init__.py", line 68, in expand_template
    with destination_path.open('w') as h:
  File "/usr/lib/python3.10/pathlib.py", line 1119, in open
    return self._accessor.open(self, mode, buffering, encoding, errors,
PermissionError: [Errno 13] Permission denied: '/home/elijahs04/ros2_ws/install/local_setup.sh'

[0.294s] INFO:colcon.colcon_core.shell:Creating prefix script '/home/elijahs04/ros2_ws/install/local_setup.bash'
[0.294s] ERROR:colcon.colcon_core.verb:Exception in shell extension 'bash': [Errno 13] Permission denied: '/home/elijahs04/ros2_ws/install/local_setup.bash'
Traceback (most recent call last):
  File "/usr/lib/python3/dist-packages/colcon_core/verb/build.py", line 222, in _create_prefix_scripts
    scripts = extension.create_prefix_script(
  File "/usr/lib/python3/dist-packages/colcon_bash/shell/bash.py", line 29, in create_prefix_script
    expand_template(
  File "/usr/lib/python3/dist-packages/colcon_core/shell/template/__init__.py", line 68, in expand_template
    with destination_path.open('w') as h:
  File "/usr/lib/python3.10/pathlib.py", line 1119, in open
    return self._accessor.open(self, mode, buffering, encoding, errors,
PermissionError: [Errno 13] Permission denied: '/home/elijahs04/ros2_ws/install/local_setup.bash'

[0.295s] INFO:colcon.colcon_core.shell:Creating prefix script '/home/elijahs04/ros2_ws/install/local_setup.zsh'
[0.295s] ERROR:colcon.colcon_core.verb:Exception in shell extension 'zsh': [Errno 13] Permission denied: '/home/elijahs04/ros2_ws/install/local_setup.zsh'
Traceback (most recent call last):
  File "/usr/lib/python3/dist-packages/colcon_core/verb/build.py", line 222, in _create_prefix_scripts
    scripts = extension.create_prefix_script(
  File "/usr/lib/python3/dist-packages/colcon_zsh/shell/zsh.py", line 29, in create_prefix_script
    expand_template(
  File "/usr/lib/python3/dist-packages/colcon_core/shell/template/__init__.py", line 68, in expand_template
    with destination_path.open('w') as h:
  File "/usr/lib/python3.10/pathlib.py", line 1119, in open
    return self._accessor.open(self, mode, buffering, encoding, errors,
PermissionError: [Errno 13] Permission denied: '/home/elijahs04/ros2_ws/install/local_setup.zsh'

